{
 "omicstype": "",
"nodes": [
 {
 "id": "C002",
"label": "C002",
"size":       18,
"meta": "control",
"fx": -442.8686,
"fy":  -495.28,
"fz": -312.5929,
"origX":  -5.2502,
"origY":   -2.382,
"origZ":   1.6237,
"colorb": "#E6194B" 
},
{
 "id": "C004",
"label": "C004",
"size":       18,
"meta": "control",
"fx":  -390.56,
"fy": -418.758,
"fz": -485.0314,
"origX":  -4.3348,
"origY": -0.46895,
"origZ": -0.79044,
"colorb": "#E6194B" 
},
{
 "id": "C005",
"label": "C005",
"size":       18,
"meta": "control",
"fx": -477.2743,
"fy": -562.268,
"fz": -586.3214,
"origX":  -5.8523,
"origY":  -4.0567,
"origZ":  -2.2085,
"colorb": "#E6194B" 
},
{
 "id": "C006",
"label": "C006",
"size":       18,
"meta": "control",
"fx": -293.9886,
"fy":  -208.74,
"fz": -696.3643,
"origX":  -2.6448,
"origY":   4.7815,
"origZ":  -3.7491,
"colorb": "#E6194B" 
},
{
 "id": "C007",
"label": "C007",
"size":       18,
"meta": "control",
"fx": -592.1486,
"fy": -544.956,
"fz": -132.4714,
"origX":  -7.8626,
"origY":  -3.6239,
"origZ":   4.1454,
"colorb": "#E6194B" 
},
{
 "id": "C009",
"label": "C009",
"size":       18,
"meta": "control",
"fx": -473.9829,
"fy": -356.936,
"fz": -663.6143,
"origX":  -5.7947,
"origY":   1.0766,
"origZ":  -3.2906,
"colorb": "#E6194B" 
},
{
 "id": "C010",
"label": "C010",
"size":       18,
"meta": "control",
"fx": -428.0971,
"fy": -407.472,
"fz": -408.1357,
"origX":  -4.9917,
"origY":  -0.1868,
"origZ":   0.2861,
"colorb": "#E6194B" 
},
{
 "id": "C011",
"label": "C011",
"size":       18,
"meta": "control",
"fx": -465.3143,
"fy":  -234.36,
"fz": -468.4729,
"origX":   -5.643,
"origY":    4.141,
"origZ": -0.55862,
"colorb": "#E6194B" 
},
{
 "id": "C012",
"label": "C012",
"size":       18,
"meta": "control",
"fx": -353.6971,
"fy": -475.032,
"fz": -465.0993,
"origX":  -3.6897,
"origY":  -1.8758,
"origZ": -0.51139,
"colorb": "#E6194B" 
},
{
 "id": "C015",
"label": "C015",
"size":       18,
"meta": "control",
"fx": -449.3714,
"fy": -504.324,
"fz": -499.505,
"origX":   -5.364,
"origY":  -2.6081,
"origZ": -0.99307,
"colorb": "#E6194B" 
},
{
 "id": "C016",
"label": "C016",
"size":       18,
"meta": "control",
"fx": -406.0457,
"fy": -151.544,
"fz":   -793.4,
"origX":  -4.6058,
"origY":   6.2114,
"origZ":  -5.1076,
"colorb": "#E6194B" 
},
{
 "id": "C017",
"label": "C017",
"size":       18,
"meta": "control",
"fx": -502.7143,
"fy": -593.696,
"fz": -4.214286,
"origX":  -6.2975,
"origY":  -4.8424,
"origZ":    5.941,
"colorb": "#E6194B" 
},
{
 "id": "C019",
"label": "C019",
"size":       18,
"meta": "control",
"fx": -455.9314,
"fy": -323.956,
"fz": -815.9214,
"origX":  -5.4788,
"origY":   1.9011,
"origZ":  -5.4229,
"colorb": "#E6194B" 
},
{
 "id": "C020",
"label": "C020",
"size":       18,
"meta": "control",
"fx": -610.1314,
"fy": -635.684,
"fz": -533.3643,
"origX":  -8.1773,
"origY":  -5.8921,
"origZ":  -1.4671,
"colorb": "#E6194B" 
},
{
 "id": "C021",
"label": "C021",
"size":       18,
"meta": "control",
"fx": -553.6057,
"fy": -498.256,
"fz": -654.9857,
"origX":  -7.1881,
"origY":  -2.4564,
"origZ":  -3.1698,
"colorb": "#E6194B" 
},
{
 "id": "C022",
"label": "C022",
"size":       18,
"meta": "control",
"fx": -574.3886,
"fy": -561.728,
"fz": -387.4729,
"origX":  -7.5518,
"origY":  -4.0432,
"origZ":  0.57538,
"colorb": "#E6194B" 
},
{
 "id": "C024",
"label": "C024",
"size":       18,
"meta": "control",
"fx": -363.5086,
"fy": -408.1248,
"fz": -585.1214,
"origX":  -3.8614,
"origY": -0.20312,
"origZ":  -2.1917,
"colorb": "#E6194B" 
},
{
 "id": "C026",
"label": "C026",
"size":       18,
"meta": "control",
"fx": -634.3771,
"fy":     -460,
"fz": -399.0236,
"origX":  -8.6016,
"origY":     -1.5,
"origZ":  0.41367,
"colorb": "#E6194B" 
},
{
 "id": "C028",
"label": "C028",
"size":       18,
"meta": "control",
"fx": -426.1886,
"fy": -356.504,
"fz": -430.3214,
"origX":  -4.9583,
"origY":   1.0874,
"origZ": -0.024499,
"colorb": "#E6194B" 
},
{
 "id": "C029",
"label": "C029",
"size":       18,
"meta": "control",
"fx":  -384.92,
"fy": -456.812,
"fz":     -673,
"origX":  -4.2361,
"origY":  -1.4203,
"origZ":   -3.422,
"colorb": "#E6194B" 
},
{
 "id": "C030",
"label": "C030",
"size":       18,
"meta": "control",
"fx": -554.7429,
"fy": -466.936,
"fz": -486.2979,
"origX":   -7.208,
"origY":  -1.6734,
"origZ": -0.80817,
"colorb": "#E6194B" 
},
{
 "id": "C031",
"label": "C031",
"size":       18,
"meta": "control",
"fx": -391.5257,
"fy": -167.904,
"fz": -557.1214,
"origX":  -4.3517,
"origY":   5.8024,
"origZ":  -1.7997,
"colorb": "#E6194B" 
},
{
 "id": "C032",
"label": "C032",
"size":       18,
"meta": "control",
"fx": -482.1143,
"fy": -435.5424,
"fz": -627.2143,
"origX":   -5.937,
"origY": -0.88856,
"origZ":   -2.781,
"colorb": "#E6194B" 
},
{
 "id": "C033",
"label": "C033",
"size":       18,
"meta": "control",
"fx": -492.8571,
"fy": -343.288,
"fz": -599.0143,
"origX":   -6.125,
"origY":   1.4178,
"origZ":  -2.3862,
"colorb": "#E6194B" 
},
{
 "id": "C034",
"label": "C034",
"size":       18,
"meta": "control",
"fx": -216.4457,
"fy": -396.5328,
"fz": -383.9971,
"origX":  -1.2878,
"origY": 0.086679,
"origZ":  0.62404,
"colorb": "#E6194B" 
},
{
 "id": "P002",
"label": "P002",
"size":       18,
"meta": "patient",
"fx": -2.988571,
"fy":  -82.288,
"fz": 303.2143,
"origX":   2.4477,
"origY":   7.9428,
"origZ":   10.245,
"colorb": "#3CB44B" 
},
{
 "id": "P012",
"label": "P012",
"size":       18,
"meta": "patient",
"fx":    566.4,
"fy": -433.4328,
"fz": -806.0429,
"origX":   12.412,
"origY": -0.83582,
"origZ":  -5.2846,
"colorb": "#3CB44B" 
},
{
 "id": "P014",
"label": "P014",
"size":       18,
"meta": "patient",
"fx": 522.5143,
"fy": -576.864,
"fz": -71.41429,
"origX":   11.644,
"origY":  -4.4216,
"origZ":   5.0002,
"colorb": "#3CB44B" 
},
{
 "id": "P027",
"label": "P027",
"size":       18,
"meta": "patient",
"fx": 59.09714,
"fy": -543.048,
"fz": -357.3843,
"origX":   3.5342,
"origY":  -3.5762,
"origZ":  0.99662,
"colorb": "#3CB44B" 
},
{
 "id": "P034",
"label": "P034",
"size":       18,
"meta": "patient",
"fx": 77.45143,
"fy": -510.752,
"fz": 115.0857,
"origX":   3.8554,
"origY":  -2.7688,
"origZ":   7.6112,
"colorb": "#3CB44B" 
},
{
 "id": "P037",
"label": "P037",
"size":       18,
"meta": "patient",
"fx": -254.5657,
"fy": -320.972,
"fz": -12.67143,
"origX":  -1.9549,
"origY":   1.9757,
"origZ":   5.8226,
"colorb": "#3CB44B" 
},
{
 "id": "P038",
"label": "P038",
"size":       18,
"meta": "patient",
"fx":   111.64,
"fy": -500.188,
"fz": -458.0129,
"origX":   4.4537,
"origY":  -2.5047,
"origZ": -0.41218,
"colorb": "#3CB44B" 
},
{
 "id": "P041",
"label": "P041",
"size":       18,
"meta": "patient",
"fx": 278.8571,
"fy": -291.172,
"fz": -435.0429,
"origX":     7.38,
"origY":   2.7207,
"origZ":  -0.0906,
"colorb": "#3CB44B" 
},
{
 "id": "P042",
"label": "P042",
"size":       18,
"meta": "patient",
"fx": 209.3943,
"fy": -607.208,
"fz": -560.5929,
"origX":   6.1644,
"origY":  -5.1802,
"origZ":  -1.8483,
"colorb": "#3CB44B" 
},
{
 "id": "P049",
"label": "P049",
"size":       18,
"meta": "patient",
"fx": -88.84514,
"fy": -512.424,
"fz": -492.2936,
"origX":  0.94521,
"origY":  -2.8106,
"origZ": -0.89211,
"colorb": "#3CB44B" 
},
{
 "id": "P056",
"label": "P056",
"size":       18,
"meta": "patient",
"fx": -256.2343,
"fy": -564.136,
"fz": -383.0943,
"origX":  -1.9841,
"origY":  -4.1034,
"origZ":  0.63668,
"colorb": "#3CB44B" 
},
{
 "id": "P058",
"label": "P058",
"size":       18,
"meta": "patient",
"fx": -290.6457,
"fy":  -365.83,
"fz": -313.1857,
"origX":  -2.5863,
"origY":  0.85425,
"origZ":   1.6154,
"colorb": "#3CB44B" 
},
{
 "id": "P060",
"label": "P060",
"size":       18,
"meta": "patient",
"fx":    -54.2,
"fy":  -479.92,
"fz": -363.0743,
"origX":   1.5515,
"origY":   -1.998,
"origZ":  0.91696,
"colorb": "#3CB44B" 
},
{
 "id": "P064",
"label": "P064",
"size":       18,
"meta": "patient",
"fx":    388.6,
"fy": -523.208,
"fz": -415.0229,
"origX":   9.3005,
"origY":  -3.0802,
"origZ":  0.18968,
"colorb": "#3CB44B" 
},
{
 "id": "P065",
"label": "P065",
"size":       18,
"meta": "patient",
"fx": 529.3143,
"fy": -305.224,
"fz":  -624.25,
"origX":   11.763,
"origY":   2.3694,
"origZ":  -2.7395,
"colorb": "#3CB44B" 
},
{
 "id": "P070",
"label": "P070",
"size":       18,
"meta": "patient",
"fx":  -99.268,
"fy": -403.2589,
"fz": -239.8571,
"origX":  0.76281,
"origY": -0.081473,
"origZ":    2.642,
"colorb": "#3CB44B" 
},
{
 "id": "P080",
"label": "P080",
"size":       18,
"meta": "patient",
"fx": 147.3029,
"fy":   105.96,
"fz": 649.9286,
"origX":   5.0778,
"origY":   12.649,
"origZ":   15.099,
"colorb": "#3CB44B" 
},
{
 "id": "P085",
"label": "P085",
"size":       18,
"meta": "patient",
"fx": 600.5143,
"fy":  -822.08,
"fz":   -516.5,
"origX":   13.009,
"origY":  -10.552,
"origZ":   -1.231,
"colorb": "#3CB44B" 
},
{
 "id": "P086",
"label": "P086",
"size":       18,
"meta": "patient",
"fx": 419.1371,
"fy": -268.568,
"fz": -764.0357,
"origX":   9.8349,
"origY":   3.2858,
"origZ":  -4.6965,
"colorb": "#3CB44B" 
},
{
 "id": "P089",
"label": "P089",
"size":       18,
"meta": "patient",
"fx":    675.6,
"fy": -472.912,
"fz": -597.1143,
"origX":   14.323,
"origY":  -1.8228,
"origZ":  -2.3596,
"colorb": "#3CB44B" 
},
{
 "id": "P092",
"label": "P092",
"size":       18,
"meta": "patient",
"fx": -115.2743,
"fy": -464.972,
"fz": -229.8286,
"origX":   0.4827,
"origY":  -1.6243,
"origZ":   2.7824,
"colorb": "#3CB44B" 
},
{
 "id": "P099",
"label": "P099",
"size":       18,
"meta": "patient",
"fx":  -247.36,
"fy": -598.864,
"fz":   -135.2,
"origX":  -1.8288,
"origY":  -4.9716,
"origZ":   4.1072,
"colorb": "#3CB44B" 
},
{
 "id": "P113",
"label": "P113",
"size":       18,
"meta": "patient",
"fx": -144.8217,
"fy":   748.24,
"fz": -738.0714,
"origX": -0.03438,
"origY":   28.706,
"origZ":   -4.333,
"colorb": "#3CB44B" 
},
{
 "id": "P013b",
"label": "P013b",
"size":       18,
"meta": "patient",
"fx": 677.4286,
"fy": -337.584,
"fz": -664.5643,
"origX":   14.355,
"origY":   1.5604,
"origZ":  -3.3039,
"colorb": "#3CB44B" 
},
{
 "id": "P100b",
"label": "P100b",
"size":       18,
"meta": "patient",
"fx": 564.8571,
"fy": -404.6192,
"fz": -671.5143,
"origX":   12.385,
"origY": -0.11548,
"origZ":  -3.4012,
"colorb": "#3CB44B" 
} 
],
"meta": [ "control", "control", "control", "control", "control", "control", "control", "control", "control", "control", "control", "control", "control", "control", "control", "control", "control", "control", "control", "control", "control", "control", "control", "control", "control", "patient", "patient", "patient", "patient", "patient", "patient", "patient", "patient", "patient", "patient", "patient", "patient", "patient", "patient", "patient", "patient", "patient", "patient", "patient", "patient", "patient", "patient", "patient", "patient", "patient" ],
"loading": [
 {
 "id": "Bin.9.98",
"label": "Bin.9.98",
"size":       24,
"opacity":     0.41,
"fx": 114.3846,
"fy": -432.1829,
"fz":   310.48,
"origX":  0.02487,
"origY": -0.050632,
"origZ": 0.079334,
"seedArr": "notSeed",
"colorb": "#FDF1C3",
"colorw": "#FDF1C3" 
},
{
 "id": "Bin.9.94",
"label": "Bin.9.94",
"size":       24,
"opacity":     0.41,
"fx": 230.3846,
"fy": -276.5771,
"fz": 350.4343,
"origX":  0.03995,
"origY": -0.023401,
"origZ": 0.086326,
"seedArr": "notSeed",
"colorb": "#FDF1C2",
"colorw": "#FDF1C2" 
},
{
 "id": "Bin.9.90",
"label": "Bin.9.90",
"size":       24,
"opacity":     0.39,
"fx": 234.2154,
"fy": -475.7543,
"fz": 195.7371,
"origX": 0.040448,
"origY": -0.058257,
"origZ": 0.059254,
"seedArr": "notSeed",
"colorb": "#FDF2C8",
"colorw": "#FDF2C8" 
},
{
 "id": "Bin.9.86",
"label": "Bin.9.86",
"size":       24,
"opacity":     0.37,
"fx": 178.3231,
"fy":  -450.64,
"fz": 217.6857,
"origX": 0.033182,
"origY": -0.053862,
"origZ": 0.063095,
"seedArr": "notSeed",
"colorb": "#FCF2CD",
"colorw": "#FCF2CD" 
},
{
 "id": "Bin.9.82",
"label": "Bin.9.82",
"size":       24,
"opacity":     0.43,
"fx": 153.8154,
"fy": -422.6914,
"fz": 340.0971,
"origX": 0.029996,
"origY": -0.048971,
"origZ": 0.084517,
"seedArr": "notSeed",
"colorb": "#FDF0BE",
"colorw": "#FDF0BE" 
},
{
 "id": "Bin.9.78",
"label": "Bin.9.78",
"size":       24,
"opacity":     0.36,
"fx": 245.5538,
"fy": -308.3086,
"fz": 260.9714,
"origX": 0.041922,
"origY": -0.028954,
"origZ":  0.07067,
"seedArr": "notSeed",
"colorb": "#FCF2CF",
"colorw": "#FCF2CF" 
},
{
 "id": "Bin.9.74",
"label": "Bin.9.74",
"size":       24,
"opacity":     0.47,
"fx": 228.5231,
"fy": -493.7314,
"fz": 335.0057,
"origX": 0.039708,
"origY": -0.061403,
"origZ": 0.083626,
"seedArr": "notSeed",
"colorb": "#FEEFB3",
"colorw": "#FEEFB3" 
},
{
 "id": "Bin.9.70",
"label": "Bin.9.70",
"size":       24,
"opacity":     0.36,
"fx": 512.4692,
"fy": -276.2571,
"fz": -2.314286,
"origX": 0.076621,
"origY": -0.023345,
"origZ": 0.024595,
"seedArr": "notSeed",
"colorb": "#FCF3D1",
"colorw": "#FCF3D1" 
},
{
 "id": "Bin.9.66",
"label": "Bin.9.66",
"size":       24,
"opacity":     0.49,
"fx": 432.6615,
"fy": -462.7143,
"fz":   269.68,
"origX": 0.066246,
"origY": -0.055975,
"origZ": 0.072194,
"seedArr": "notSeed",
"colorb": "#FEEEAE",
"colorw": "#FEEEAE" 
},
{
 "id": "Bin.9.62",
"label": "Bin.9.62",
"size":       24,
"opacity":      0.4,
"fx": 361.2462,
"fy": -502.2457,
"fz": 84.87429,
"origX": 0.056962,
"origY": -0.062893,
"origZ": 0.039853,
"seedArr": "notSeed",
"colorb": "#FDF1C6",
"colorw": "#FDF1C6" 
},
{
 "id": "Bin.9.58",
"label": "Bin.9.58",
"size":       24,
"opacity":     0.45,
"fx": 387.7769,
"fy": -393.4229,
"fz": 280.6914,
"origX": 0.060411,
"origY": -0.043849,
"origZ": 0.074121,
"seedArr": "notSeed",
"colorb": "#FDF0BA",
"colorw": "#FDF0BA" 
},
{
 "id": "Bin.9.54",
"label": "Bin.9.54",
"size":       24,
"opacity":      0.4,
"fx": 443.3308,
"fy":  -385.32,
"fz": 148.8743,
"origX": 0.067633,
"origY": -0.042431,
"origZ": 0.051053,
"seedArr": "notSeed",
"colorb": "#FDF1C5",
"colorw": "#FDF1C5" 
},
{
 "id": "Bin.9.50",
"label": "Bin.9.50",
"size":       24,
"opacity":     0.57,
"fx": 569.7615,
"fy":  -436.44,
"fz": 295.9829,
"origX": 0.084069,
"origY": -0.051377,
"origZ": 0.076797,
"seedArr": "notSeed",
"colorb": "#FDDF96",
"colorw": "#FDDF96" 
},
{
 "id": "Bin.9.46",
"label": "Bin.9.46",
"size":       24,
"opacity":     0.41,
"fx": 595.9308,
"fy": -369.8686,
"fz": -54.80571,
"origX": 0.087471,
"origY": -0.039727,
"origZ": 0.015409,
"seedArr": "notSeed",
"colorb": "#FDF1C3",
"colorw": "#FDF1C3" 
},
{
 "id": "Bin.9.42",
"label": "Bin.9.42",
"size":       24,
"opacity":     0.49,
"fx": 663.7308,
"fy": -442.3714,
"fz": 14.06286,
"origX": 0.096285,
"origY": -0.052415,
"origZ": 0.027461,
"seedArr": "notSeed",
"colorb": "#FEEEAE",
"colorw": "#FEEEAE" 
},
{
 "id": "Bin.9.38",
"label": "Bin.9.38",
"size":       24,
"opacity":      0.5,
"fx": 601.1846,
"fy": -470.1257,
"fz": 105.8229,
"origX": 0.088154,
"origY": -0.057272,
"origZ": 0.043519,
"seedArr": "notSeed",
"colorb": "#FEEEAB",
"colorw": "#FEEEAB" 
},
{
 "id": "Bin.9.34",
"label": "Bin.9.34",
"size":       24,
"opacity":     0.48,
"fx": 616.7538,
"fy": -490.9486,
"fz": 5.057143,
"origX": 0.090178,
"origY": -0.060916,
"origZ": 0.025885,
"seedArr": "notSeed",
"colorb": "#FEEFB2",
"colorw": "#FEEFB2" 
},
{
 "id": "Bin.9.30",
"label": "Bin.9.30",
"size":       24,
"opacity":     0.43,
"fx": 421.7154,
"fy": -497.1257,
"fz": -429.9143,
"origX": 0.064823,
"origY": -0.061997,
"origZ": -0.050235,
"seedArr": "notSeed",
"colorb": "#FDF0BD",
"colorw": "#FDF0BD" 
},
{
 "id": "Bin.9.26",
"label": "Bin.9.26",
"size":       24,
"opacity":     0.34,
"fx": 266.1769,
"fy": -408.9657,
"fz": -232.9086,
"origX": 0.044603,
"origY": -0.046569,
"origZ": -0.015759,
"seedArr": "notSeed",
"colorb": "#FCF3D5",
"colorw": "#FCF3D5" 
},
{
 "id": "Bin.9.22",
"label": "Bin.9.22",
"size":       24,
"opacity":     0.61,
"fx": 761.3077,
"fy": -445.5486,
"fz":   109.84,
"origX":  0.10897,
"origY": -0.052971,
"origZ": 0.044222,
"seedArr": "notSeed",
"colorb": "#FBBF7F",
"colorw": "#FBBF7F" 
},
{
 "id": "Bin.9.18",
"label": "Bin.9.18",
"size":       24,
"opacity":     0.61,
"fx": 717.8462,
"fy": -483.0457,
"fz": 127.7257,
"origX":  0.10332,
"origY": -0.059533,
"origZ": 0.047352,
"seedArr": "notSeed",
"colorb": "#FBC281",
"colorw": "#FBC281" 
},
{
 "id": "Bin.9.14",
"label": "Bin.9.14",
"size":       24,
"opacity":     0.37,
"fx":   -287.5,
"fy": -625.9143,
"fz": -242.7714,
"origX": -0.027375,
"origY": -0.084535,
"origZ": -0.017485,
"seedArr": "notSeed",
"colorb": "#FCF2CC",
"colorw": "#FCF2CC" 
},
{
 "id": "Bin.9.10",
"label": "Bin.9.10",
"size":       24,
"opacity":     0.55,
"fx": 353.4462,
"fy": -767.9429,
"fz": -175.4354,
"origX": 0.055948,
"origY": -0.10939,
"origZ": -0.0057012,
"seedArr": "notSeed",
"colorb": "#FEEA9E",
"colorw": "#FEEA9E" 
},
{
 "id": "Bin.9.06",
"label": "Bin.9.06",
"size":       24,
"opacity":     0.46,
"fx": 304.5846,
"fy": -581.5143,
"fz": -449.8114,
"origX": 0.049596,
"origY": -0.076765,
"origZ": -0.053717,
"seedArr": "notSeed",
"colorb": "#FDF0B7",
"colorw": "#FDF0B7" 
},
{
 "id": "Bin.9.02",
"label": "Bin.9.02",
"size":       24,
"opacity":     0.55,
"fx":    596.6,
"fy": -622.7029,
"fz": -198.272,
"origX": 0.087558,
"origY": -0.083973,
"origZ": -0.0096976,
"seedArr": "notSeed",
"colorb": "#FEEC9F",
"colorw": "#FEEC9F" 
},
{
 "id": "Bin.8.98",
"label": "Bin.8.98",
"size":       24,
"opacity":     0.59,
"fx": 618.4769,
"fy": -354.8971,
"fz":     -609,
"origX": 0.090402,
"origY": -0.037107,
"origZ": -0.081575,
"seedArr": "notSeed",
"colorb": "#FCCD89",
"colorw": "#FCCD89" 
},
{
 "id": "Bin.8.94",
"label": "Bin.8.94",
"size":       24,
"opacity":     0.66,
"fx": 855.3077,
"fy": -509.7086,
"fz": -95.16514,
"origX":  0.12119,
"origY": -0.064199,
"origZ": 0.0083461,
"seedArr": "notSeed",
"colorb": "#F89D66",
"colorw": "#F89D66" 
},
{
 "id": "Bin.8.90",
"label": "Bin.8.90",
"size":       24,
"opacity":     0.58,
"fx": 593.7385,
"fy": -479.4514,
"fz": -532.2857,
"origX": 0.087186,
"origY": -0.058904,
"origZ": -0.06815,
"seedArr": "notSeed",
"colorb": "#FDD891",
"colorw": "#FDD891" 
},
{
 "id": "Bin.8.86",
"label": "Bin.8.86",
"size":       24,
"opacity":     0.39,
"fx": -60.27692,
"fy": -633.7543,
"fz": -331.0343,
"origX": 0.002164,
"origY": -0.085907,
"origZ": -0.032931,
"seedArr": "notSeed",
"colorb": "#FDF2C9",
"colorw": "#FDF2C9" 
},
{
 "id": "Bin.8.82",
"label": "Bin.8.82",
"size":       24,
"opacity":     0.42,
"fx": -239.2846,
"fy": -691.1314,
"fz": -204.8514,
"origX": -0.021107,
"origY": -0.095948,
"origZ": -0.010849,
"seedArr": "notSeed",
"colorb": "#FDF1C0",
"colorw": "#FDF1C0" 
},
{
 "id": "Bin.8.78",
"label": "Bin.8.78",
"size":       24,
"opacity":     0.53,
"fx": 692.9231,
"fy": -465.1829,
"fz": -283.8229,
"origX":  0.10008,
"origY": -0.056407,
"origZ": -0.024669,
"seedArr": "notSeed",
"colorb": "#FEEDA6",
"colorw": "#FEEDA6" 
},
{
 "id": "Bin.8.74",
"label": "Bin.8.74",
"size":       24,
"opacity":     0.67,
"fx": 889.3846,
"fy":  -428.68,
"fz": 19.56571,
"origX":  0.12562,
"origY": -0.050019,
"origZ": 0.028424,
"seedArr": "notSeed",
"colorb": "#F79661",
"colorw": "#F79661" 
},
{
 "id": "Bin.8.70",
"label": "Bin.8.70",
"size":       24,
"opacity":     0.64,
"fx": 873.8462,
"fy": -386.9657,
"fz": -5.697143,
"origX":   0.1236,
"origY": -0.042719,
"origZ": 0.024003,
"seedArr": "notSeed",
"colorb": "#F9AD72",
"colorw": "#F9AD72" 
},
{
 "id": "Bin.8.66",
"label": "Bin.8.66",
"size":       24,
"opacity":     0.65,
"fx": 887.1538,
"fy": -427.1086,
"fz": -164.2234,
"origX":  0.12533,
"origY": -0.049744,
"origZ": -0.0037391,
"seedArr": "notSeed",
"colorb": "#F8A26A",
"colorw": "#F8A26A" 
},
{
 "id": "Bin.8.62",
"label": "Bin.8.62",
"size":       24,
"opacity":     0.64,
"fx": 849.0769,
"fy": -466.6114,
"fz": -51.66286,
"origX":  0.12038,
"origY": -0.056657,
"origZ": 0.015959,
"seedArr": "notSeed",
"colorb": "#F9A96F",
"colorw": "#F9A96F" 
},
{
 "id": "Bin.8.58",
"label": "Bin.8.58",
"size":       24,
"opacity":      0.6,
"fx": 795.7692,
"fy": -476.0914,
"fz": -140.7385,
"origX":  0.11345,
"origY": -0.058316,
"origZ": 0.00037076,
"seedArr": "notSeed",
"colorb": "#FCCA86",
"colorw": "#FCCA86" 
},
{
 "id": "Bin.8.54",
"label": "Bin.8.54",
"size":       24,
"opacity":     0.45,
"fx": -404.7385,
"fy": -537.9943,
"fz": -532.0857,
"origX": -0.042616,
"origY": -0.069149,
"origZ": -0.068115,
"seedArr": "notSeed",
"colorb": "#FDF0B8",
"colorw": "#FDF0B8" 
},
{
 "id": "Bin.8.50",
"label": "Bin.8.50",
"size":       24,
"opacity":     0.46,
"fx": 371.0615,
"fy":  -582.08,
"fz": -402.6971,
"origX": 0.058238,
"origY": -0.076864,
"origZ": -0.045472,
"seedArr": "notSeed",
"colorb": "#FDEFB7",
"colorw": "#FDEFB7" 
},
{
 "id": "Bin.8.46",
"label": "Bin.8.46",
"size":       24,
"opacity":     0.32,
"fx": 306.1308,
"fy": -245.9657,
"fz": -285.2514,
"origX": 0.049797,
"origY": -0.018044,
"origZ": -0.024919,
"seedArr": "notSeed",
"colorb": "#FCF4D9",
"colorw": "#FCF4D9" 
},
{
 "id": "Bin.8.42",
"label": "Bin.8.42",
"size":       24,
"opacity":     0.57,
"fx": 833.3846,
"fy":     -341,
"fz": -238.4571,
"origX":  0.11834,
"origY": -0.034675,
"origZ": -0.01673,
"seedArr": "notSeed",
"colorb": "#FEE197",
"colorw": "#FEE197" 
},
{
 "id": "Bin.8.38",
"label": "Bin.8.38",
"size":       24,
"opacity":     0.59,
"fx": 853.2308,
"fy": -232.6571,
"fz": -333.7486,
"origX":  0.12092,
"origY": -0.015715,
"origZ": -0.033406,
"seedArr": "notSeed",
"colorb": "#FCCF8A",
"colorw": "#FCCF8A" 
},
{
 "id": "Bin.8.34",
"label": "Bin.8.34",
"size":       24,
"opacity":     0.43,
"fx": 650.3231,
"fy": -266.6857,
"fz": -321.2343,
"origX": 0.094542,
"origY": -0.02167,
"origZ": -0.031216,
"seedArr": "notSeed",
"colorb": "#FDF0BE",
"colorw": "#FDF0BE" 
},
{
 "id": "Bin.8.30",
"label": "Bin.8.30",
"size":       24,
"opacity":     0.54,
"fx": 776.2308,
"fy": -354.8114,
"fz": -273.9543,
"origX":  0.11091,
"origY": -0.037092,
"origZ": -0.022942,
"seedArr": "notSeed",
"colorb": "#FEEDA3",
"colorw": "#FEEDA3" 
},
{
 "id": "Bin.8.26",
"label": "Bin.8.26",
"size":       24,
"opacity":     0.57,
"fx": 823.7692,
"fy": -259.9486,
"fz": -365.7314,
"origX":  0.11709,
"origY": -0.020491,
"origZ": -0.039003,
"seedArr": "notSeed",
"colorb": "#FDDD95",
"colorw": "#FDDD95" 
},
{
 "id": "Bin.8.22",
"label": "Bin.8.22",
"size":       24,
"opacity":     0.62,
"fx": 581.1692,
"fy": -45.73714,
"fz": -697.2057,
"origX": 0.085552,
"origY": 0.016996,
"origZ": -0.097011,
"seedArr": "notSeed",
"colorb": "#FAB87A",
"colorw": "#FAB87A" 
},
{
 "id": "Bin.8.18",
"label": "Bin.8.18",
"size":       24,
"opacity":      0.3,
"fx":     16.2,
"fy": -230.4229,
"fz": -342.1943,
"origX": 0.012106,
"origY": -0.015324,
"origZ": -0.034884,
"seedArr": "notSeed",
"colorb": "#FCF4DE",
"colorw": "#FCF4DE" 
},
{
 "id": "Bin.8.14",
"label": "Bin.8.14",
"size":       24,
"opacity":     0.49,
"fx": 764.9231,
"fy": -297.8057,
"fz": -136.4834,
"origX":  0.10944,
"origY": -0.027116,
"origZ": 0.0011154,
"seedArr": "notSeed",
"colorb": "#FEEEAF",
"colorw": "#FEEEAF" 
},
{
 "id": "Bin.8.10",
"label": "Bin.8.10",
"size":       24,
"opacity":     0.38,
"fx":    196.6,
"fy": -550.5829,
"fz": -398.7486,
"origX": 0.035558,
"origY": -0.071352,
"origZ": -0.044781,
"seedArr": "notSeed",
"colorb": "#FCF2CA",
"colorw": "#FCF2CA" 
},
{
 "id": "Bin.8.06",
"label": "Bin.8.06",
"size":       24,
"opacity":     0.38,
"fx": 306.3923,
"fy":  -466.88,
"fz": -434.0857,
"origX": 0.049831,
"origY": -0.056704,
"origZ": -0.050965,
"seedArr": "notSeed",
"colorb": "#FCF2CB",
"colorw": "#FCF2CB" 
},
{
 "id": "Bin.8.02",
"label": "Bin.8.02",
"size":       24,
"opacity":     0.31,
"fx": 94.37692,
"fy": -302.8229,
"fz": -317.6229,
"origX": 0.022269,
"origY": -0.027994,
"origZ": -0.030584,
"seedArr": "notSeed",
"colorb": "#FCF4DB",
"colorw": "#FCF4DB" 
},
{
 "id": "Bin.7.98",
"label": "Bin.7.98",
"size":       24,
"opacity":     0.34,
"fx": -235.5231,
"fy": -197.0891,
"fz":   286.96,
"origX": -0.020618,
"origY": -0.0094906,
"origZ": 0.075218,
"seedArr": "notSeed",
"colorb": "#FCF3D4",
"colorw": "#FCF3D4" 
},
{
 "id": "Bin.7.94",
"label": "Bin.7.94",
"size":       24,
"opacity":     0.31,
"fx": -149.6915,
"fy": -351.6343,
"fz": -281.9371,
"origX": -0.0094599,
"origY": -0.036536,
"origZ": -0.024339,
"seedArr": "notSeed",
"colorb": "#FCF4DC",
"colorw": "#FCF4DC" 
},
{
 "id": "Bin.7.90",
"label": "Bin.7.90",
"size":       24,
"opacity":     0.33,
"fx": 125.3154,
"fy": 24.82286,
"fz": 109.8514,
"origX": 0.026291,
"origY": 0.029344,
"origZ": 0.044224,
"seedArr": "notSeed",
"colorb": "#FCF4D8",
"colorw": "#FCF4D8" 
},
{
 "id": "Bin.7.86",
"label": "Bin.7.86",
"size":       24,
"opacity":     0.47,
"fx": -892.4615,
"fy": -314.7486,
"fz": -207.9029,
"origX": -0.10602,
"origY": -0.030081,
"origZ": -0.011383,
"seedArr": "notSeed",
"colorb": "#FEEFB3",
"colorw": "#FEEFB3" 
},
{
 "id": "Bin.7.82",
"label": "Bin.7.82",
"size":       24,
"opacity":     0.49,
"fx": -896.7692,
"fy":  -350.04,
"fz": -162.7114,
"origX": -0.10658,
"origY": -0.036257,
"origZ": -0.0034745,
"seedArr": "notSeed",
"colorb": "#FEEFB0",
"colorw": "#FEEFB0" 
},
{
 "id": "Bin.7.78",
"label": "Bin.7.78",
"size":       24,
"opacity":     0.36,
"fx": 420.4769,
"fy": -356.2343,
"fz": 85.46286,
"origX": 0.064662,
"origY": -0.037341,
"origZ": 0.039956,
"seedArr": "notSeed",
"colorb": "#FCF3CF",
"colorw": "#FCF3CF" 
},
{
 "id": "Bin.7.74",
"label": "Bin.7.74",
"size":       24,
"opacity":     0.31,
"fx": 228.8846,
"fy": -224.0571,
"fz": -151.4634,
"origX": 0.039755,
"origY": -0.01421,
"origZ": -0.0015061,
"seedArr": "notSeed",
"colorb": "#FCF4DD",
"colorw": "#FCF4DD" 
},
{
 "id": "Bin.7.70",
"label": "Bin.7.70",
"size":       24,
"opacity":      0.3,
"fx": 41.79231,
"fy":  -315.68,
"fz": -36.77143,
"origX": 0.015433,
"origY": -0.030244,
"origZ": 0.018565,
"seedArr": "notSeed",
"colorb": "#FCF5DF",
"colorw": "#FCF5DF" 
},
{
 "id": "Bin.7.66",
"label": "Bin.7.66",
"size":       24,
"opacity":     0.48,
"fx": -907.7692,
"fy": -315.7429,
"fz": -126.4417,
"origX": -0.10801,
"origY": -0.030255,
"origZ": 0.0028727,
"seedArr": "notSeed",
"colorb": "#FEEFB1",
"colorw": "#FEEFB1" 
},
{
 "id": "Bin.7.62",
"label": "Bin.7.62",
"size":       24,
"opacity":     0.45,
"fx": -788.6308,
"fy": -433.1543,
"fz": -151.4903,
"origX": -0.092522,
"origY": -0.050802,
"origZ": -0.0015108,
"seedArr": "notSeed",
"colorb": "#FDF0B9",
"colorw": "#FDF0B9" 
},
{
 "id": "Bin.7.58",
"label": "Bin.7.58",
"size":       24,
"opacity":     0.48,
"fx":     -852,
"fy": -421.0343,
"fz": -153.8069,
"origX": -0.10076,
"origY": -0.048681,
"origZ": -0.0019162,
"seedArr": "notSeed",
"colorb": "#FEEFB2",
"colorw": "#FEEFB2" 
},
{
 "id": "Bin.7.54",
"label": "Bin.7.54",
"size":       24,
"opacity":     0.52,
"fx": -906.2308,
"fy": -373.6171,
"fz": -196.7674,
"origX": -0.10781,
"origY": -0.040383,
"origZ": -0.0094343,
"seedArr": "notSeed",
"colorb": "#FEEEA8",
"colorw": "#FEEEA8" 
},
{
 "id": "Bin.7.50",
"label": "Bin.7.50",
"size":       24,
"opacity":     0.56,
"fx": -150.0531,
"fy": -685.1371,
"fz": 308.8514,
"origX": -0.0095069,
"origY": -0.094899,
"origZ": 0.079049,
"seedArr": "notSeed",
"colorb": "#FEE398",
"colorw": "#FEE398" 
},
{
 "id": "Bin.7.46",
"label": "Bin.7.46",
"size":       24,
"opacity":     0.78,
"fx": 179.2077,
"fy": -390.6171,
"fz": 749.8857,
"origX": 0.033297,
"origY": -0.043358,
"origZ":  0.15623,
"seedArr": "notSeed",
"colorb": "#F14B2B",
"colorw": "#F14B2B" 
},
{
 "id": "Bin.7.42",
"label": "Bin.7.42",
"size":       24,
"opacity":     0.79,
"fx": -223.0615,
"fy": -101.7943,
"fz": 837.4857,
"origX": -0.018998,
"origY": 0.007186,
"origZ":  0.17156,
"seedArr": "notSeed",
"colorb": "#F04225",
"colorw": "#F04225" 
},
{
 "id": "Bin.7.38",
"label": "Bin.7.38",
"size":       24,
"opacity":     0.77,
"fx": -260.2615,
"fy": -186.9326,
"fz": 766.3429,
"origX": -0.023834,
"origY": -0.0077132,
"origZ":  0.15911,
"seedArr": "notSeed",
"colorb": "#F1502F",
"colorw": "#F1502F" 
},
{
 "id": "Bin.7.34",
"label": "Bin.7.34",
"size":       24,
"opacity":      0.8,
"fx": -236.0923,
"fy":   -41.76,
"fz": 918.6286,
"origX": -0.020692,
"origY": 0.017692,
"origZ":  0.18576,
"seedArr": "notSeed",
"colorb": "#F03C21",
"colorw": "#F03C21" 
},
{
 "id": "Bin.7.30",
"label": "Bin.7.30",
"size":       24,
"opacity":     0.58,
"fx": -647.7615,
"fy": -407.6914,
"fz": 371.8629,
"origX": -0.074209,
"origY": -0.046346,
"origZ": 0.090076,
"seedArr": "notSeed",
"colorb": "#FDD68F",
"colorw": "#FDD68F" 
},
{
 "id": "Bin.7.26",
"label": "Bin.7.26",
"size":       24,
"opacity":     0.74,
"fx": -322.0692,
"fy": -412.0114,
"fz": 674.9714,
"origX": -0.031869,
"origY": -0.047102,
"origZ":  0.14312,
"seedArr": "notSeed",
"colorb": "#F3643D",
"colorw": "#F3643D" 
},
{
 "id": "Bin.7.22",
"label": "Bin.7.22",
"size":       24,
"opacity":     0.71,
"fx": -583.1615,
"fy": -371.1486,
"fz": 571.5429,
"origX": -0.065811,
"origY": -0.039951,
"origZ":  0.12502,
"seedArr": "notSeed",
"colorb": "#F57B4E",
"colorw": "#F57B4E" 
},
{
 "id": "Bin.7.18",
"label": "Bin.7.18",
"size":       24,
"opacity":     0.32,
"fx": -267.6077,
"fy": -322.7714,
"fz": 17.66286,
"origX": -0.024789,
"origY": -0.031485,
"origZ": 0.028091,
"seedArr": "notSeed",
"colorb": "#FCF4DB",
"colorw": "#FCF4DB" 
},
{
 "id": "Bin.7.14",
"label": "Bin.7.14",
"size":       24,
"opacity":     0.33,
"fx": -174.9462,
"fy": -434.6171,
"fz": -308.1086,
"origX": -0.012743,
"origY": -0.051058,
"origZ": -0.028919,
"seedArr": "notSeed",
"colorb": "#FCF4D8",
"colorw": "#FCF4D8" 
},
{
 "id": "Bin.7.10",
"label": "Bin.7.10",
"size":       24,
"opacity":     0.33,
"fx": -69.02231,
"fy": -215.4857,
"fz": -479.5086,
"origX": 0.0010271,
"origY": -0.01271,
"origZ": -0.058914,
"seedArr": "notSeed",
"colorb": "#FCF4D7",
"colorw": "#FCF4D7" 
},
{
 "id": "Bin.7.06",
"label": "Bin.7.06",
"size":       24,
"opacity":     0.51,
"fx":      117,
"fy": -267.0171,
"fz": 488.6286,
"origX":  0.02521,
"origY": -0.021728,
"origZ":  0.11051,
"seedArr": "notSeed",
"colorb": "#FEEEA9",
"colorw": "#FEEEA9" 
},
{
 "id": "Bin.7.02",
"label": "Bin.7.02",
"size":       24,
"opacity":     0.58,
"fx": 329.7769,
"fy": -367.6514,
"fz": 466.5143,
"origX": 0.052871,
"origY": -0.039339,
"origZ":  0.10664,
"seedArr": "notSeed",
"colorb": "#FDDA92",
"colorw": "#FDDA92" 
},
{
 "id": "Bin.6.98",
"label": "Bin.6.98",
"size":       24,
"opacity":     0.66,
"fx": -58.39846,
"fy": -309.2286,
"fz": 616.1714,
"origX": 0.0024082,
"origY": -0.029115,
"origZ":  0.13283,
"seedArr": "notSeed",
"colorb": "#F8A069",
"colorw": "#F8A069" 
},
{
 "id": "Bin.6.94",
"label": "Bin.6.94",
"size":       24,
"opacity":     0.74,
"fx": 44.41538,
"fy": -316.9829,
"fz": 705.9429,
"origX": 0.015774,
"origY": -0.030472,
"origZ":  0.14854,
"seedArr": "notSeed",
"colorb": "#F3653E",
"colorw": "#F3653E" 
},
{
 "id": "Bin.6.90",
"label": "Bin.6.90",
"size":       24,
"opacity":     0.35,
"fx": 138.4615,
"fy": -413.5429,
"fz": 212.8686,
"origX":    0.028,
"origY": -0.04737,
"origZ": 0.062252,
"seedArr": "notSeed",
"colorb": "#FCF3D2",
"colorw": "#FCF3D2" 
},
{
 "id": "Bin.6.86",
"label": "Bin.6.86",
"size":       24,
"opacity":     0.36,
"fx": -53.84385,
"fy": -610.1943,
"fz":    -30.2,
"origX": 0.0030003,
"origY": -0.081784,
"origZ": 0.019715,
"seedArr": "notSeed",
"colorb": "#FCF3D0",
"colorw": "#FCF3D0" 
},
{
 "id": "Bin.6.82",
"label": "Bin.6.82",
"size":       24,
"opacity":     0.45,
"fx": 612.5923,
"fy": -418.8743,
"fz": 19.53714,
"origX": 0.089637,
"origY": -0.048303,
"origZ": 0.028419,
"seedArr": "notSeed",
"colorb": "#FDF0B9",
"colorw": "#FDF0B9" 
},
{
 "id": "Bin.6.78",
"label": "Bin.6.78",
"size":       24,
"opacity":     0.67,
"fx": 382.7846,
"fy": -816.9143,
"fz": 76.82286,
"origX": 0.059762,
"origY": -0.11796,
"origZ": 0.038444,
"seedArr": "notSeed",
"colorb": "#F79964",
"colorw": "#F79964" 
},
{
 "id": "Bin.6.74",
"label": "Bin.6.74",
"size":       24,
"opacity":      0.7,
"fx": 485.0462,
"fy": -787.8857,
"fz": 181.3257,
"origX": 0.073056,
"origY": -0.11288,
"origZ": 0.056732,
"seedArr": "notSeed",
"colorb": "#F58052",
"colorw": "#F58052" 
},
{
 "id": "Bin.6.70",
"label": "Bin.6.70",
"size":       24,
"opacity":     0.59,
"fx": 484.7923,
"fy":   -720.4,
"fz": -30.81714,
"origX": 0.073023,
"origY": -0.10107,
"origZ": 0.019607,
"seedArr": "notSeed",
"colorb": "#FCD38D",
"colorw": "#FCD38D" 
},
{
 "id": "Bin.6.66",
"label": "Bin.6.66",
"size":       24,
"opacity":     0.53,
"fx": 145.3154,
"fy": -799.0857,
"fz": -92.26629,
"origX": 0.028891,
"origY": -0.11484,
"origZ": 0.0088534,
"seedArr": "notSeed",
"colorb": "#FEEDA4",
"colorw": "#FEEDA4" 
},
{
 "id": "Bin.6.62",
"label": "Bin.6.62",
"size":       24,
"opacity":     0.52,
"fx": 311.6462,
"fy": -741.8857,
"fz": -104.236,
"origX": 0.050514,
"origY": -0.10483,
"origZ": 0.0067587,
"seedArr": "notSeed",
"colorb": "#FEEEA7",
"colorw": "#FEEEA7" 
},
{
 "id": "Bin.6.58",
"label": "Bin.6.58",
"size":       24,
"opacity":     0.44,
"fx": 214.0538,
"fy": -670.4857,
"fz": 40.70286,
"origX": 0.037827,
"origY": -0.092335,
"origZ": 0.032123,
"seedArr": "notSeed",
"colorb": "#FDF0BA",
"colorw": "#FDF0BA" 
},
{
 "id": "Bin.6.54",
"label": "Bin.6.54",
"size":       24,
"opacity":     0.47,
"fx": 275.6846,
"fy": -568.8057,
"fz": 236.4229,
"origX": 0.045839,
"origY": -0.074541,
"origZ": 0.066374,
"seedArr": "notSeed",
"colorb": "#FDEFB5",
"colorw": "#FDEFB5" 
},
{
 "id": "Bin.6.50",
"label": "Bin.6.50",
"size":       24,
"opacity":     0.32,
"fx": 58.34615,
"fy": 123.6171,
"fz": -103.168,
"origX": 0.017585,
"origY": 0.046633,
"origZ": 0.0069456,
"seedArr": "notSeed",
"colorb": "#FCF4DA",
"colorw": "#FCF4DA" 
},
{
 "id": "Bin.6.46",
"label": "Bin.6.46",
"size":       24,
"opacity":     0.33,
"fx": 174.2923,
"fy": 148.5771,
"fz": -82.12571,
"origX": 0.032658,
"origY": 0.051001,
"origZ": 0.010628,
"seedArr": "notSeed",
"colorb": "#FCF3D6",
"colorw": "#FCF3D6" 
},
{
 "id": "Bin.6.42",
"label": "Bin.6.42",
"size":       24,
"opacity":      0.4,
"fx": 204.1308,
"fy": -543.1829,
"fz":   145.48,
"origX": 0.036537,
"origY": -0.070057,
"origZ": 0.050459,
"seedArr": "notSeed",
"colorb": "#FDF1C6",
"colorw": "#FDF1C6" 
},
{
 "id": "Bin.6.38",
"label": "Bin.6.38",
"size":       24,
"opacity":     0.34,
"fx": 19.35385,
"fy": 208.8629,
"fz": -116.9011,
"origX": 0.012516,
"origY": 0.061551,
"origZ": 0.0045423,
"seedArr": "notSeed",
"colorb": "#FCF3D6",
"colorw": "#FCF3D6" 
},
{
 "id": "Bin.6.34",
"label": "Bin.6.34",
"size":       24,
"opacity":     0.42,
"fx": 192.3846,
"fy": -474.4286,
"fz":   268.04,
"origX":  0.03501,
"origY": -0.058025,
"origZ": 0.071907,
"seedArr": "notSeed",
"colorb": "#FDF1C1",
"colorw": "#FDF1C1" 
},
{
 "id": "Bin.6.30",
"label": "Bin.6.30",
"size":       24,
"opacity":     0.32,
"fx": -87.13462,
"fy": 174.1429,
"fz": -160.3634,
"origX": -0.0013275,
"origY": 0.055475,
"origZ": -0.0030636,
"seedArr": "notSeed",
"colorb": "#FCF4D9",
"colorw": "#FCF4D9" 
},
{
 "id": "Bin.4.38",
"label": "Bin.4.38",
"size":       24,
"opacity":     0.37,
"fx": -251.7154,
"fy": 322.5371,
"fz": -281.5886,
"origX": -0.022723,
"origY": 0.081444,
"origZ": -0.024278,
"seedArr": "notSeed",
"colorb": "#FCF2CE",
"colorw": "#FCF2CE" 
},
{
 "id": "Bin.4.34",
"label": "Bin.4.34",
"size":       24,
"opacity":     0.44,
"fx": 188.8231,
"fy": 376.2171,
"fz": 71.79429,
"origX": 0.034547,
"origY": 0.090838,
"origZ": 0.037564,
"seedArr": "notSeed",
"colorb": "#FDF0BB",
"colorw": "#FDF0BB" 
},
{
 "id": "Bin.4.30",
"label": "Bin.4.30",
"size":       24,
"opacity":     0.44,
"fx": 379.4769,
"fy": 286.0229,
"fz": 87.52571,
"origX": 0.059332,
"origY": 0.075054,
"origZ": 0.040317,
"seedArr": "notSeed",
"colorb": "#FDF0BC",
"colorw": "#FDF0BC" 
},
{
 "id": "Bin.4.26",
"label": "Bin.4.26",
"size":       24,
"opacity":     0.62,
"fx": 513.3692,
"fy": 149.1257,
"fz": 373.1771,
"origX": 0.076738,
"origY": 0.051097,
"origZ": 0.090306,
"seedArr": "notSeed",
"colorb": "#FBBD7D",
"colorw": "#FBBD7D" 
},
{
 "id": "Bin.4.22",
"label": "Bin.4.22",
"size":       24,
"opacity":     0.48,
"fx": 253.5077,
"fy": 289.1486,
"fz": 262.7657,
"origX": 0.042956,
"origY": 0.075601,
"origZ": 0.070984,
"seedArr": "notSeed",
"colorb": "#FEEFB0",
"colorw": "#FEEFB0" 
},
{
 "id": "Bin.4.18",
"label": "Bin.4.18",
"size":       24,
"opacity":     0.78,
"fx": 77.28462,
"fy": 361.3371,
"fz": 675.8286,
"origX": 0.020047,
"origY": 0.088234,
"origZ":  0.14327,
"seedArr": "notSeed",
"colorb": "#F14729",
"colorw": "#F14729" 
},
{
 "id": "Bin.4.14",
"label": "Bin.4.14",
"size":       24,
"opacity":      0.7,
"fx": 302.8154,
"fy": 495.9429,
"fz": 291.2114,
"origX": 0.049366,
"origY":  0.11179,
"origZ": 0.075962,
"seedArr": "notSeed",
"colorb": "#F68253",
"colorw": "#F68253" 
},
{
 "id": "Bin.4.10",
"label": "Bin.4.10",
"size":       24,
"opacity":     0.61,
"fx": 229.5154,
"fy": 549.8857,
"fz": -216.9143,
"origX": 0.039837,
"origY":  0.12123,
"origZ": -0.01296,
"seedArr": "notSeed",
"colorb": "#FBC483",
"colorw": "#FBC483" 
},
{
 "id": "Bin.4.06",
"label": "Bin.4.06",
"size":       24,
"opacity":     0.53,
"fx": -399.3231,
"fy": 164.4629,
"fz": -690.7657,
"origX": -0.041912,
"origY": 0.053781,
"origZ": -0.095884,
"seedArr": "notSeed",
"colorb": "#FEEDA5",
"colorw": "#FEEDA5" 
},
{
 "id": "Bin.4.02",
"label": "Bin.4.02",
"size":       24,
"opacity":     0.44,
"fx": -2.499231,
"fy":   359.72,
"fz": -454.7257,
"origX": 0.0096751,
"origY": 0.087951,
"origZ": -0.054577,
"seedArr": "notSeed",
"colorb": "#FDF0BC",
"colorw": "#FDF0BC" 
},
{
 "id": "Bin.4.04",
"label": "Bin.4.04",
"size":       24,
"opacity":     0.54,
"fx": -355.7923,
"fy": 221.7486,
"fz": -691.5314,
"origX": -0.036253,
"origY": 0.063806,
"origZ": -0.096018,
"seedArr": "notSeed",
"colorb": "#FEEDA1",
"colorw": "#FEEDA1" 
},
{
 "id": "Bin.3.98",
"label": "Bin.3.98",
"size":       24,
"opacity":     0.46,
"fx": -869.6154,
"fy": -74.20571,
"fz": -344.5143,
"origX": -0.10305,
"origY": 0.012014,
"origZ": -0.03529,
"seedArr": "notSeed",
"colorb": "#FDEFB5",
"colorw": "#FDEFB5" 
},
{
 "id": "Bin.3.94",
"label": "Bin.3.94",
"size":       24,
"opacity":     0.51,
"fx":   -395.9,
"fy": 351.5943,
"fz": 207.5314,
"origX": -0.041467,
"origY": 0.086529,
"origZ": 0.061318,
"seedArr": "notSeed",
"colorb": "#FEEEAB",
"colorw": "#FEEEAB" 
},
{
 "id": "Bin.3.90",
"label": "Bin.3.90",
"size":       24,
"opacity":     0.79,
"fx": 148.7077,
"fy": 572.1143,
"fz": 522.2286,
"origX": 0.029332,
"origY":  0.12512,
"origZ":  0.11639,
"seedArr": "notSeed",
"colorb": "#F04023",
"colorw": "#F04023" 
},
{
 "id": "Bin.3.86",
"label": "Bin.3.86",
"size":       24,
"opacity":     0.77,
"fx": 168.1846,
"fy": 657.0857,
"fz": 280.8229,
"origX": 0.031864,
"origY":  0.13999,
"origZ": 0.074144,
"seedArr": "notSeed",
"colorb": "#F14E2E",
"colorw": "#F14E2E" 
},
{
 "id": "Bin.3.82",
"label": "Bin.3.82",
"size":       24,
"opacity":     0.69,
"fx": -30.86538,
"fy": 552.9143,
"fz": 275.1771,
"origX": 0.0059875,
"origY":  0.12176,
"origZ": 0.073156,
"seedArr": "notSeed",
"colorb": "#F68757",
"colorw": "#F68757" 
},
{
 "id": "Bin.3.78",
"label": "Bin.3.78",
"size":       24,
"opacity":     0.69,
"fx": 47.50769,
"fy": 582.3429,
"fz": 206.5314,
"origX": 0.016176,
"origY":  0.12691,
"origZ": 0.061143,
"seedArr": "notSeed",
"colorb": "#F68958",
"colorw": "#F68958" 
},
{
 "id": "Bin.3.74",
"label": "Bin.3.74",
"size":       24,
"opacity":     0.76,
"fx": 310.3538,
"fy": 487.0857,
"fz": 423.8629,
"origX": 0.050346,
"origY":  0.11024,
"origZ": 0.099176,
"seedArr": "notSeed",
"colorb": "#F25734",
"colorw": "#F25734" 
},
{
 "id": "Bin.3.70",
"label": "Bin.3.70",
"size":       24,
"opacity":      0.8,
"fx": 154.9692,
"fy": 526.9714,
"fz": 679.9429,
"origX": 0.030146,
"origY":  0.11722,
"origZ":  0.14399,
"seedArr": "notSeed",
"colorb": "#F03B20",
"colorw": "#F03B20" 
},
{
 "id": "Bin.3.66",
"label": "Bin.3.66",
"size":       24,
"opacity":     0.66,
"fx": -83.24015,
"fy":    359.8,
"fz": 460.9714,
"origX": -0.00082122,
"origY": 0.087965,
"origZ":  0.10567,
"seedArr": "notSeed",
"colorb": "#F89B65",
"colorw": "#F89B65" 
},
{
 "id": "Bin.3.62",
"label": "Bin.3.62",
"size":       24,
"opacity":     0.76,
"fx": -42.21385,
"fy": 270.4857,
"fz":    661.6,
"origX": 0.0045122,
"origY": 0.072335,
"origZ":  0.14078,
"seedArr": "notSeed",
"colorb": "#F25432",
"colorw": "#F25432" 
},
{
 "id": "Bin.3.58",
"label": "Bin.3.58",
"size":       24,
"opacity":     0.39,
"fx": -291.1231,
"fy": 350.8343,
"fz":  -235.68,
"origX": -0.027846,
"origY": 0.086396,
"origZ": -0.016244,
"seedArr": "notSeed",
"colorb": "#FDF2C8",
"colorw": "#FDF2C8" 
},
{
 "id": "Bin.3.54",
"label": "Bin.3.54",
"size":       24,
"opacity":     0.79,
"fx": 150.8154,
"fy": 446.0571,
"fz": 660.1714,
"origX": 0.029606,
"origY":  0.10306,
"origZ":  0.14053,
"seedArr": "notSeed",
"colorb": "#F03E22",
"colorw": "#F03E22" 
},
{
 "id": "Bin.3.50",
"label": "Bin.3.50",
"size":       24,
"opacity":     0.78,
"fx": 134.7692,
"fy": 470.5714,
"fz": 595.8286,
"origX":  0.02752,
"origY":  0.10735,
"origZ":  0.12927,
"seedArr": "notSeed",
"colorb": "#F04527",
"colorw": "#F04527" 
},
{
 "id": "Bin.3.46",
"label": "Bin.3.46",
"size":       24,
"opacity":     0.78,
"fx": 62.66154,
"fy": 492.1143,
"fz": 574.2857,
"origX": 0.018146,
"origY":  0.11112,
"origZ":   0.1255,
"seedArr": "notSeed",
"colorb": "#F1492A",
"colorw": "#F1492A" 
},
{
 "id": "Bin.3.42",
"label": "Bin.3.42",
"size":       24,
"opacity":     0.73,
"fx":     54.9,
"fy": 464.3429,
"fz":    455.6,
"origX": 0.017137,
"origY":  0.10626,
"origZ":  0.10473,
"seedArr": "notSeed",
"colorb": "#F46B42",
"colorw": "#F46B42" 
},
{
 "id": "Bin.3.38",
"label": "Bin.3.38",
"size":       24,
"opacity":     0.77,
"fx": 168.8385,
"fy": 581.1429,
"fz": 424.0571,
"origX": 0.031949,
"origY":   0.1267,
"origZ":  0.09921,
"seedArr": "notSeed",
"colorb": "#F14C2C",
"colorw": "#F14C2C" 
},
{
 "id": "Bin.3.34",
"label": "Bin.3.34",
"size":       24,
"opacity":     0.47,
"fx": -373.0385,
"fy": 400.5029,
"fz": -368.6914,
"origX": -0.038495,
"origY": 0.095088,
"origZ": -0.039521,
"seedArr": "notSeed",
"colorb": "#FEEFB4",
"colorw": "#FEEFB4" 
},
{
 "id": "Bin.3.30",
"label": "Bin.3.30",
"size":       24,
"opacity":     0.35,
"fx": -147.2092,
"fy": 148.1257,
"fz": -510.1314,
"origX": -0.0091372,
"origY": 0.050922,
"origZ": -0.064273,
"seedArr": "notSeed",
"colorb": "#FCF3D2",
"colorw": "#FCF3D2" 
},
{
 "id": "Bin.3.26",
"label": "Bin.3.26",
"size":       24,
"opacity":     0.34,
"fx": -188.2846,
"fy": 139.8457,
"fz":   128.12,
"origX": -0.014477,
"origY": 0.049473,
"origZ": 0.047421,
"seedArr": "notSeed",
"colorb": "#FCF3D4",
"colorw": "#FCF3D4" 
},
{
 "id": "Bin.3.22",
"label": "Bin.3.22",
"size":       24,
"opacity":      0.5,
"fx": 95.97692,
"fy": 434.1714,
"fz": 122.3029,
"origX": 0.022477,
"origY":  0.10098,
"origZ": 0.046403,
"seedArr": "notSeed",
"colorb": "#FEEEAC",
"colorw": "#FEEEAC" 
},
{
 "id": "Bin.3.18",
"label": "Bin.3.18",
"size":       24,
"opacity":     0.56,
"fx": -322.9538,
"fy": 529.1429,
"fz": -264.0286,
"origX": -0.031984,
"origY":   0.1176,
"origZ": -0.021205,
"seedArr": "notSeed",
"colorb": "#FEE49A",
"colorw": "#FEE49A" 
},
{
 "id": "Bin.3.14",
"label": "Bin.3.14",
"size":       24,
"opacity":     0.76,
"fx":   -522.1,
"fy": 334.9257,
"fz": -822.5143,
"origX": -0.057873,
"origY": 0.083612,
"origZ": -0.11894,
"seedArr": "notSeed",
"colorb": "#F25935",
"colorw": "#F25935" 
},
{
 "id": "Bin.3.10",
"label": "Bin.3.10",
"size":       24,
"opacity":     0.37,
"fx": 137.3769,
"fy": 259.6114,
"fz": -412.0171,
"origX": 0.027859,
"origY": 0.070432,
"origZ": -0.047103,
"seedArr": "notSeed",
"colorb": "#FCF2CD",
"colorw": "#FCF2CD" 
},
{
 "id": "Bin.3.06",
"label": "Bin.3.06",
"size":       24,
"opacity":     0.68,
"fx": -381.2308,
"fy":      7.2,
"fz":   -890.4,
"origX": -0.03956,
"origY":  0.02626,
"origZ": -0.13082,
"seedArr": "notSeed",
"colorb": "#F78F5C",
"colorw": "#F78F5C" 
},
{
 "id": "Bin.3.02",
"label": "Bin.3.02",
"size":       24,
"opacity":     0.31,
"fx": -246.3538,
"fy": 49.66857,
"fz":   -37.76,
"origX": -0.022026,
"origY": 0.033692,
"origZ": 0.018392,
"seedArr": "notSeed",
"colorb": "#FCF4DD",
"colorw": "#FCF4DD" 
},
{
 "id": "Bin.3.04",
"label": "Bin.3.04",
"size":       24,
"opacity":      0.6,
"fx": -406.5692,
"fy":    41.04,
"fz": -807.8857,
"origX": -0.042854,
"origY": 0.032182,
"origZ": -0.11638,
"seedArr": "notSeed",
"colorb": "#FBC684",
"colorw": "#FBC684" 
},
{
 "id": "Bin.2.98",
"label": "Bin.2.98",
"size":       24,
"opacity":     0.62,
"fx": 339.7538,
"fy": 151.4457,
"fz": -750.4571,
"origX": 0.054168,
"origY": 0.051503,
"origZ": -0.10633,
"seedArr": "notSeed",
"colorb": "#FABB7C",
"colorw": "#FABB7C" 
},
{
 "id": "Bin.2.94",
"label": "Bin.2.94",
"size":       24,
"opacity":      0.7,
"fx": -21.41538,
"fy": 355.3943,
"fz":   -789.2,
"origX": 0.007216,
"origY": 0.087194,
"origZ": -0.11311,
"seedArr": "notSeed",
"colorb": "#F68454",
"colorw": "#F68454" 
},
{
 "id": "Bin.2.90",
"label": "Bin.2.90",
"size":       24,
"opacity":     0.35,
"fx": -179.5308,
"fy": 309.2229,
"fz": -128.5846,
"origX": -0.013339,
"origY": 0.079114,
"origZ": 0.0024977,
"seedArr": "notSeed",
"colorb": "#FCF3D3",
"colorw": "#FCF3D3" 
},
{
 "id": "Bin.2.86",
"label": "Bin.2.86",
"size":       24,
"opacity":     0.38,
"fx": 64.50769,
"fy": 364.7143,
"fz": -97.43543,
"origX": 0.018386,
"origY": 0.088825,
"origZ": 0.0079488,
"seedArr": "notSeed",
"colorb": "#FCF2CC",
"colorw": "#FCF2CC" 
},
{
 "id": "Bin.2.82",
"label": "Bin.2.82",
"size":       24,
"opacity":      0.5,
"fx": -93.30538,
"fy": 440.5143,
"fz": -421.4514,
"origX": -0.0021297,
"origY":  0.10209,
"origZ": -0.048754,
"seedArr": "notSeed",
"colorb": "#FEEEAD",
"colorw": "#FEEEAD" 
},
{
 "id": "Bin.2.78",
"label": "Bin.2.78",
"size":       24,
"opacity":     0.53,
"fx": 55.29231,
"fy": 312.6229,
"fz": -632.7086,
"origX": 0.017188,
"origY": 0.079709,
"origZ": -0.085724,
"seedArr": "notSeed",
"colorb": "#FEEDA4",
"colorw": "#FEEDA4" 
},
{
 "id": "Bin.2.74",
"label": "Bin.2.74",
"size":       24,
"opacity":     0.39,
"fx": -236.0154,
"fy": 62.40571,
"fz": -622.5657,
"origX": -0.020682,
"origY": 0.035921,
"origZ": -0.083949,
"seedArr": "notSeed",
"colorb": "#FDF2C7",
"colorw": "#FDF2C7" 
},
{
 "id": "Bin.2.70",
"label": "Bin.2.70",
"size":       24,
"opacity":     0.42,
"fx":   -701.3,
"fy": 6.114286,
"fz": -437.5943,
"origX": -0.081169,
"origY":  0.02607,
"origZ": -0.051579,
"seedArr": "notSeed",
"colorb": "#FDF1BF",
"colorw": "#FDF1BF" 
},
{
 "id": "Bin.2.66",
"label": "Bin.2.66",
"size":       24,
"opacity":     0.56,
"fx": -647.8308,
"fy": 75.99429,
"fz": -663.6629,
"origX": -0.074218,
"origY": 0.038299,
"origZ": -0.091141,
"seedArr": "notSeed",
"colorb": "#FEE69B",
"colorw": "#FEE69B" 
},
{
 "id": "Bin.2.62",
"label": "Bin.2.62",
"size":       24,
"opacity":     0.63,
"fx": -457.1769,
"fy": 265.0571,
"fz": -713.3314,
"origX": -0.049433,
"origY": 0.071385,
"origZ": -0.099833,
"seedArr": "notSeed",
"colorb": "#F9B174",
"colorw": "#F9B174" 
},
{
 "id": "Bin.2.58",
"label": "Bin.2.58",
"size":       24,
"opacity":     0.42,
"fx": -584.3308,
"fy": -131.6154,
"fz":  -562.64,
"origX": -0.065963,
"origY": 0.0019673,
"origZ": -0.073462,
"seedArr": "notSeed",
"colorb": "#FDF1C1",
"colorw": "#FDF1C1" 
},
{
 "id": "Bin.2.54",
"label": "Bin.2.54",
"size":       24,
"opacity":     0.55,
"fx": -706.8538,
"fy": 56.60571,
"fz": -614.6057,
"origX": -0.081891,
"origY": 0.034906,
"origZ": -0.082556,
"seedArr": "notSeed",
"colorb": "#FEEDA0",
"colorw": "#FEEDA0" 
},
{
 "id": "Bin.2.50",
"label": "Bin.2.50",
"size":       24,
"opacity":     0.72,
"fx":   -285.9,
"fy": 394.5257,
"fz": -780.8571,
"origX": -0.027167,
"origY": 0.094042,
"origZ": -0.11165,
"seedArr": "notSeed",
"colorb": "#F47247",
"colorw": "#F47247" 
},
{
 "id": "Bin.2.46",
"label": "Bin.2.46",
"size":       24,
"opacity":     0.63,
"fx": -271.8846,
"fy":    522.8,
"fz": -466.7771,
"origX": -0.025345,
"origY":  0.11649,
"origZ": -0.056686,
"seedArr": "notSeed",
"colorb": "#FAB276",
"colorw": "#FAB276" 
},
{
 "id": "Bin.2.42",
"label": "Bin.2.42",
"size":       24,
"opacity":      0.7,
"fx": -21.69769,
"fy": 619.9429,
"fz":   191.68,
"origX": 0.0071793,
"origY":  0.13349,
"origZ": 0.058544,
"seedArr": "notSeed",
"colorb": "#F57E50",
"colorw": "#F57E50" 
},
{
 "id": "Bin.2.38",
"label": "Bin.2.38",
"size":       24,
"opacity":     0.71,
"fx": 138.6615,
"fy": 667.9429,
"fz": 21.29714,
"origX": 0.028026,
"origY":  0.14189,
"origZ": 0.028727,
"seedArr": "notSeed",
"colorb": "#F5774B",
"colorw": "#F5774B" 
},
{
 "id": "Bin.2.34",
"label": "Bin.2.34",
"size":       24,
"opacity":     0.52,
"fx": -444.0077,
"fy": -34.62857,
"fz": 459.0286,
"origX": -0.047721,
"origY":  0.01894,
"origZ":  0.10533,
"seedArr": "notSeed",
"colorb": "#FEEDA6",
"colorw": "#FEEDA6" 
},
{
 "id": "Bin.2.30",
"label": "Bin.2.30",
"size":       24,
"opacity":     0.73,
"fx": 368.1692,
"fy": 433.8286,
"fz": 388.9829,
"origX": 0.057862,
"origY":  0.10092,
"origZ": 0.093072,
"seedArr": "notSeed",
"colorb": "#F46E45",
"colorw": "#F46E45" 
},
{
 "id": "Bin.2.26",
"label": "Bin.2.26",
"size":       24,
"opacity":     0.75,
"fx":      159,
"fy": 321.8743,
"fz": 588.8571,
"origX":  0.03067,
"origY": 0.081328,
"origZ":  0.12805,
"seedArr": "notSeed",
"colorb": "#F35E39",
"colorw": "#F35E39" 
},
{
 "id": "Bin.2.22",
"label": "Bin.2.22",
"size":       24,
"opacity":     0.75,
"fx": 335.1077,
"fy": 604.6286,
"fz": 232.2057,
"origX": 0.053564,
"origY":  0.13081,
"origZ": 0.065636,
"seedArr": "notSeed",
"colorb": "#F25B37",
"colorw": "#F25B37" 
},
{
 "id": "Bin.2.18",
"label": "Bin.2.18",
"size":       24,
"opacity":     0.35,
"fx": -122.2762,
"fy": 32.28571,
"fz": -585.9086,
"origX": -0.0058959,
"origY":  0.03065,
"origZ": -0.077534,
"seedArr": "notSeed",
"colorb": "#FCF3D1",
"colorw": "#FCF3D1" 
},
{
 "id": "Bin.2.14",
"label": "Bin.2.14",
"size":       24,
"opacity":     0.68,
"fx": 204.1385,
"fy": 616.1143,
"fz": 27.34286,
"origX": 0.036538,
"origY":  0.13282,
"origZ": 0.029785,
"seedArr": "notSeed",
"colorb": "#F68D5B",
"colorw": "#F68D5B" 
},
{
 "id": "Bin.2.10",
"label": "Bin.2.10",
"size":       24,
"opacity":     0.59,
"fx":    607.5,
"fy": 367.4743,
"fz": -180.0274,
"origX": 0.088975,
"origY": 0.089308,
"origZ": -0.0065048,
"seedArr": "notSeed",
"colorb": "#FCD18C",
"colorw": "#FCD18C" 
},
{
 "id": "Bin.2.06",
"label": "Bin.2.06",
"size":       24,
"opacity":     0.72,
"fx": 491.1769,
"fy": 278.9429,
"fz": -743.0857,
"origX": 0.073853,
"origY": 0.073815,
"origZ": -0.10504,
"seedArr": "notSeed",
"colorb": "#F4764A",
"colorw": "#F4764A" 
},
{
 "id": "Bin.2.02",
"label": "Bin.2.02",
"size":       24,
"opacity":     0.68,
"fx":    374.3,
"fy":    451.2,
"fz": -545.7543,
"origX": 0.058659,
"origY":  0.10396,
"origZ": -0.070507,
"seedArr": "notSeed",
"colorb": "#F7925F",
"colorw": "#F7925F" 
},
{
 "id": "Bin.1.98",
"label": "Bin.1.98",
"size":       24,
"opacity":     0.76,
"fx": 585.3769,
"fy": 371.2171,
"fz": -692.0057,
"origX": 0.086099,
"origY": 0.089963,
"origZ": -0.096101,
"seedArr": "notSeed",
"colorb": "#F25533",
"colorw": "#F25533" 
},
{
 "id": "Bin.1.94",
"label": "Bin.1.94",
"size":       24,
"opacity":     0.38,
"fx": 365.3692,
"fy":   257.04,
"fz": -87.13543,
"origX": 0.057498,
"origY": 0.069982,
"origZ": 0.0097513,
"seedArr": "notSeed",
"colorb": "#FCF2CA",
"colorw": "#FCF2CA" 
},
{
 "id": "Bin.1.90",
"label": "Bin.1.90",
"size":       24,
"opacity":     0.54,
"fx": 321.4385,
"fy": 422.0971,
"fz": 106.3429,
"origX": 0.051787,
"origY": 0.098867,
"origZ":  0.04361,
"seedArr": "notSeed",
"colorb": "#FEEDA2",
"colorw": "#FEEDA2" 
},
{
 "id": "Bin.1.86",
"label": "Bin.1.86",
"size":       24,
"opacity":     0.72,
"fx": 714.5385,
"fy": 176.7714,
"fz": -667.3257,
"origX":  0.10289,
"origY": 0.055935,
"origZ": -0.091782,
"seedArr": "notSeed",
"colorb": "#F47046",
"colorw": "#F47046" 
},
{
 "id": "Bin.1.82",
"label": "Bin.1.82",
"size":       24,
"opacity":     0.75,
"fx":    650.9,
"fy": 193.7943,
"fz": -763.7143,
"origX": 0.094617,
"origY": 0.058914,
"origZ": -0.10865,
"seedArr": "notSeed",
"colorb": "#F25C38",
"colorw": "#F25C38" 
},
{
 "id": "Bin.1.78",
"label": "Bin.1.78",
"size":       24,
"opacity":     0.77,
"fx": 650.3462,
"fy":   247.28,
"fz": -774.4571,
"origX": 0.094545,
"origY": 0.068274,
"origZ": -0.11053,
"seedArr": "notSeed",
"colorb": "#F15230",
"colorw": "#F15230" 
},
{
 "id": "Bin.1.74",
"label": "Bin.1.74",
"size":       24,
"opacity":     0.71,
"fx": 673.3308,
"fy": 292.9714,
"fz": -595.5314,
"origX": 0.097533,
"origY":  0.07627,
"origZ": -0.079218,
"seedArr": "notSeed",
"colorb": "#F5794D",
"colorw": "#F5794D" 
},
{
 "id": "Bin.1.70",
"label": "Bin.1.70",
"size":       24,
"opacity":     0.73,
"fx": 786.3077,
"fy": 214.4286,
"fz":  -579.12,
"origX":  0.11222,
"origY": 0.062525,
"origZ": -0.076346,
"seedArr": "notSeed",
"colorb": "#F46D44",
"colorw": "#F46D44" 
},
{
 "id": "Bin.1.66",
"label": "Bin.1.66",
"size":       24,
"opacity":     0.71,
"fx": 715.9231,
"fy": 322.2743,
"fz": -508.3943,
"origX":  0.10307,
"origY": 0.081398,
"origZ": -0.063969,
"seedArr": "notSeed",
"colorb": "#F57D4F",
"colorw": "#F57D4F" 
},
{
 "id": "Bin.1.62",
"label": "Bin.1.62",
"size":       24,
"opacity":     0.69,
"fx": 728.1538,
"fy": 363.4514,
"fz": -332.9486,
"origX":  0.10466,
"origY": 0.088604,
"origZ": -0.033266,
"seedArr": "notSeed",
"colorb": "#F68B59",
"colorw": "#F68B59" 
},
{
 "id": "Bin.1.58",
"label": "Bin.1.58",
"size":       24,
"opacity":     0.74,
"fx": 663.1846,
"fy": 347.2343,
"fz": -598.8743,
"origX": 0.096214,
"origY": 0.085766,
"origZ": -0.079803,
"seedArr": "notSeed",
"colorb": "#F36740",
"colorw": "#F36740" 
},
{
 "id": "Bin.1.54",
"label": "Bin.1.54",
"size":       24,
"opacity":      0.4,
"fx": 393.1692,
"fy": 259.7314,
"fz": -248.4171,
"origX": 0.061112,
"origY": 0.070453,
"origZ": -0.018473,
"seedArr": "notSeed",
"colorb": "#FDF1C5",
"colorw": "#FDF1C5" 
},
{
 "id": "Bin.1.50",
"label": "Bin.1.50",
"size":       24,
"opacity":     0.61,
"fx": 588.7154,
"fy": 390.5657,
"fz": -257.7543,
"origX": 0.086533,
"origY": 0.093349,
"origZ": -0.020107,
"seedArr": "notSeed",
"colorb": "#FBC180",
"colorw": "#FBC180" 
},
{
 "id": "Bin.1.46",
"label": "Bin.1.46",
"size":       24,
"opacity":     0.72,
"fx": 468.4077,
"fy": 486.1143,
"fz":   253.52,
"origX": 0.070893,
"origY":  0.11007,
"origZ": 0.069366,
"seedArr": "notSeed",
"colorb": "#F47449",
"colorw": "#F47449" 
},
{
 "id": "Bin.1.42",
"label": "Bin.1.42",
"size":       24,
"opacity":     0.66,
"fx": 725.3077,
"fy": 345.8743,
"fz": -7.034286,
"origX":  0.10429,
"origY": 0.085528,
"origZ": 0.023769,
"seedArr": "notSeed",
"colorb": "#F89F68",
"colorw": "#F89F68" 
},
{
 "id": "Bin.1.38",
"label": "Bin.1.38",
"size":       24,
"opacity":     0.56,
"fx": 580.7615,
"fy": 325.0343,
"fz": -344.7257,
"origX": 0.085499,
"origY": 0.081881,
"origZ": -0.035327,
"seedArr": "notSeed",
"colorb": "#FEE89C",
"colorw": "#FEE89C" 
},
{
 "id": "Bin.1.34",
"label": "Bin.1.34",
"size":       24,
"opacity":     0.79,
"fx": 162.0846,
"fy": 564.0571,
"fz": 522.8571,
"origX": 0.031071,
"origY":  0.12371,
"origZ":   0.1165,
"seedArr": "notSeed",
"colorb": "#F04326",
"colorw": "#F04326" 
},
{
 "id": "Bin.1.30",
"label": "Bin.1.30",
"size":       24,
"opacity":      0.6,
"fx": 77.20769,
"fy": 553.5429,
"fz":    48.48,
"origX": 0.020037,
"origY":  0.12187,
"origZ": 0.033484,
"seedArr": "notSeed",
"colorb": "#FBC885",
"colorw": "#FBC885" 
},
{
 "id": "Bin.1.26",
"label": "Bin.1.26",
"size":       24,
"opacity":     0.74,
"fx": -96.33462,
"fy": 467.3143,
"fz": -779.6571,
"origX": -0.0025235,
"origY":  0.10678,
"origZ": -0.11144,
"seedArr": "notSeed",
"colorb": "#F3623C",
"colorw": "#F3623C" 
},
{
 "id": "Bin.1.22",
"label": "Bin.1.22",
"size":       24,
"opacity":     0.43,
"fx": 72.89231,
"fy": 409.6914,
"fz": -24.31429,
"origX": 0.019476,
"origY": 0.096696,
"origZ": 0.020745,
"seedArr": "notSeed",
"colorb": "#FDF0BF",
"colorw": "#FDF0BF" 
},
{
 "id": "Bin.1.18",
"label": "Bin.1.18",
"size":       24,
"opacity":     0.73,
"fx": 224.1308,
"fy": 403.7714,
"fz":    487.2,
"origX": 0.039137,
"origY":  0.09566,
"origZ":  0.11026,
"seedArr": "notSeed",
"colorb": "#F36941",
"colorw": "#F36941" 
},
{
 "id": "Bin.1.14",
"label": "Bin.1.14",
"size":       24,
"opacity":     0.41,
"fx": 180.2538,
"fy": 111.1486,
"fz": 306.6971,
"origX": 0.033433,
"origY": 0.044451,
"origZ": 0.078672,
"seedArr": "notSeed",
"colorb": "#FDF1C4",
"colorw": "#FDF1C4" 
},
{
 "id": "Bin.1.10",
"label": "Bin.1.10",
"size":       24,
"opacity":     0.75,
"fx": 297.2846,
"fy": 82.87429,
"fz": -950.2286,
"origX": 0.048647,
"origY": 0.039503,
"origZ": -0.14129,
"seedArr": "notSeed",
"colorb": "#F3603B",
"colorw": "#F3603B" 
},
{
 "id": "Bin.1.06",
"label": "Bin.1.06",
"size":       24,
"opacity":     0.65,
"fx": 673.9615,
"fy": 245.9657,
"fz": -499.9714,
"origX": 0.097615,
"origY": 0.068044,
"origZ": -0.062495,
"seedArr": "notSeed",
"colorb": "#F9A66D",
"colorw": "#F9A66D" 
},
{
 "id": "Bin.1.02",
"label": "Bin.1.02",
"size":       24,
"opacity":     0.57,
"fx": 842.8462,
"fy": 29.03429,
"fz": -264.8343,
"origX":  0.11957,
"origY": 0.030081,
"origZ": -0.021346,
"seedArr": "notSeed",
"colorb": "#FDDC93",
"colorw": "#FDDC93" 
},
{
 "id": "Bin.0.98",
"label": "Bin.0.98",
"size":       24,
"opacity":     0.62,
"fx": 841.9231,
"fy": 131.0343,
"fz":  -263.96,
"origX":  0.11945,
"origY": 0.047931,
"origZ": -0.021193,
"seedArr": "notSeed",
"colorb": "#FABA7B",
"colorw": "#FABA7B" 
},
{
 "id": "Bin.0.94",
"label": "Bin.0.94",
"size":       24,
"opacity":     0.65,
"fx": 894.4615,
"fy": 67.18286,
"fz": -293.4914,
"origX":  0.12628,
"origY": 0.036757,
"origZ": -0.026361,
"seedArr": "notSeed",
"colorb": "#F9A86E",
"colorw": "#F9A86E" 
},
{
 "id": "Bin.0.90",
"label": "Bin.0.90",
"size":       24,
"opacity":     0.69,
"fx": 796.6923,
"fy": 207.5829,
"fz": -485.8743,
"origX":  0.11357,
"origY": 0.061327,
"origZ": -0.060028,
"seedArr": "notSeed",
"colorb": "#F68656",
"colorw": "#F68656" 
},
{
 "id": "Bin.0.86",
"label": "Bin.0.86",
"size":       24,
"opacity":     0.67,
"fx": 831.3077,
"fy": 131.7714,
"fz": -454.1657,
"origX":  0.11807,
"origY":  0.04806,
"origZ": -0.054479,
"seedArr": "notSeed",
"colorb": "#F79460",
"colorw": "#F79460" 
},
{
 "id": "Bin.0.82",
"label": "Bin.0.82",
"size":       24,
"opacity":     0.67,
"fx": 929.3846,
"fy": -115.5554,
"fz": -387.4857,
"origX":  0.13082,
"origY": 0.0047778,
"origZ": -0.04281,
"seedArr": "notSeed",
"colorb": "#F79862",
"colorw": "#F79862" 
},
{
 "id": "Bin.0.78",
"label": "Bin.0.78",
"size":       24,
"opacity":     0.68,
"fx": 911.9231,
"fy": -261.2743,
"fz": -422.7543,
"origX":  0.12855,
"origY": -0.020723,
"origZ": -0.048982,
"seedArr": "notSeed",
"colorb": "#F7905D",
"colorw": "#F7905D" 
},
{
 "id": "Bin.0.74",
"label": "Bin.0.74",
"size":       24,
"opacity":     0.64,
"fx": 812.2308,
"fy": -479.5657,
"fz": -304.0514,
"origX":  0.11559,
"origY": -0.058924,
"origZ": -0.028209,
"seedArr": "notSeed",
"colorb": "#F9AF73",
"colorw": "#F9AF73" 
},
{
 "id": "Bin.0.70",
"label": "Bin.0.70",
"size":       24,
"opacity":     0.65,
"fx": 880.4615,
"fy": -398.9429,
"fz": -281.8286,
"origX":  0.12446,
"origY": -0.044815,
"origZ": -0.02432,
"seedArr": "notSeed",
"colorb": "#F8A46B",
"colorw": "#F8A46B" 
},
{
 "id": "Bin.0.66",
"label": "Bin.0.66",
"size":       24,
"opacity":     0.64,
"fx": 873.3846,
"fy": -375.3486,
"fz": -318.0229,
"origX":  0.12354,
"origY": -0.040686,
"origZ": -0.030654,
"seedArr": "notSeed",
"colorb": "#F9AB71",
"colorw": "#F9AB71" 
},
{
 "id": "Bin.0.62",
"label": "Bin.0.62",
"size":       24,
"opacity":     0.63,
"fx": 874.5385,
"fy": -352.4571,
"fz": -275.3486,
"origX":  0.12369,
"origY": -0.03668,
"origZ": -0.023186,
"seedArr": "notSeed",
"colorb": "#FAB477",
"colorw": "#FAB477" 
},
{
 "id": "Bin.0.58",
"label": "Bin.0.58",
"size":       24,
"opacity":     0.52,
"fx": 757.8462,
"fy": -139.1716,
"fz": 104.5829,
"origX":  0.10852,
"origY": 0.00064497,
"origZ": 0.043302,
"seedArr": "notSeed",
"colorb": "#FEEDA7",
"colorw": "#FEEDA7" 
},
{
 "id": "Bin.0.54",
"label": "Bin.0.54",
"size":       24,
"opacity":      0.6,
"fx": 869.1538,
"fy": -317.8571,
"fz": -220.0114,
"origX":  0.12299,
"origY": -0.030625,
"origZ": -0.013502,
"seedArr": "notSeed",
"colorb": "#FCCB88",
"colorw": "#FCCB88" 
},
{
 "id": "Bin.0.50",
"label": "Bin.0.50",
"size":       24,
"opacity":     0.63,
"fx": 882.8462,
"fy": -360.7829,
"fz": -179.9937,
"origX":  0.12477,
"origY": -0.038137,
"origZ": -0.0064989,
"seedArr": "notSeed",
"colorb": "#FAB678",
"colorw": "#FAB678" 
},
{
 "id": "Bin.0.46",
"label": "Bin.0.46",
"size":       24,
"opacity":     0.58,
"fx": 844.1538,
"fy": -297.1086,
"fz": -309.6057,
"origX":  0.11974,
"origY": -0.026994,
"origZ": -0.029181,
"seedArr": "notSeed",
"colorb": "#FCD48E",
"colorw": "#FCD48E" 
},
{
 "id": "Bin.0.42",
"label": "Bin.0.42",
"size":       24,
"opacity":     0.55,
"fx": 807.3846,
"fy":  -251.24,
"fz": -333.0286,
"origX":  0.11496,
"origY": -0.018967,
"origZ": -0.03328,
"seedArr": "notSeed",
"colorb": "#FEEDA0",
"colorw": "#FEEDA0" 
},
{
 "id": "Bin.0.38",
"label": "Bin.0.38",
"size":       24,
"opacity":     0.46,
"fx": 687.3308,
"fy": -291.7486,
"fz": -310.6686,
"origX": 0.099353,
"origY": -0.026056,
"origZ": -0.029367,
"seedArr": "notSeed",
"colorb": "#FDEFB6",
"colorw": "#FDEFB6" 
},
{
 "id": "Bin.0.34",
"label": "Bin.0.34",
"size":       24,
"opacity":      0.5,
"fx": 748.6923,
"fy": -304.8343,
"fz": -272.8457,
"origX":  0.10733,
"origY": -0.028346,
"origZ": -0.022748,
"seedArr": "notSeed",
"colorb": "#FEEEAC",
"colorw": "#FEEEAC" 
},
{
 "id": "Bin.0.30",
"label": "Bin.0.30",
"size":       24,
"opacity":     0.51,
"fx": 766.0769,
"fy": -282.6686,
"fz":  -291.28,
"origX":  0.10959,
"origY": -0.024467,
"origZ": -0.025974,
"seedArr": "notSeed",
"colorb": "#FEEEA9",
"colorw": "#FEEEA9" 
},
{
 "id": "Bin.0.26",
"label": "Bin.0.26",
"size":       24,
"opacity":     0.54,
"fx":      793,
"fy": -216.5771,
"fz": -344.7086,
"origX":  0.11309,
"origY": -0.012901,
"origZ": -0.035324,
"seedArr": "notSeed",
"colorb": "#FEEDA2",
"colorw": "#FEEDA2" 
},
{
 "id": "Bin.0.22",
"label": "Bin.0.22",
"size":       24,
"opacity":     0.51,
"fx": 798.6154,
"fy": -233.4286,
"fz": -136.8851,
"origX":  0.11382,
"origY": -0.01585,
"origZ": 0.0010451,
"seedArr": "notSeed",
"colorb": "#FEEEAA",
"colorw": "#FEEEAA" 
} 
],
"misc": "",
"ticks": {
 "x": [      -12,      -10,       -8,       -6,       -4,       -2,        0,        2,        4,        6,        8,       10,       12,       14,       16,       18 ],
"y": [      -15,      -10,       -5,        0,        5,       10,       15,       20,       25,       30,       35 ],
"z": [       -8,       -6,       -4,       -2,        0,        2,        4,        6,        8,       10,       12,       14,       16,       18,       20 ] 
},
"ticksLoading": {
 "x": [    -0.12,     -0.1,    -0.08,    -0.06,    -0.04,    -0.02,        0,     0.02,     0.04,     0.06,     0.08,      0.1,     0.12,     0.14 ],
"y": [    -0.12,     -0.1,    -0.08,    -0.06,    -0.04,    -0.02,        0,     0.02,     0.04,     0.06,     0.08,      0.1,     0.12,     0.14,     0.16 ],
"z": [    -0.15,     -0.1,    -0.05,        0,     0.05,      0.1,     0.15,      0.2 ] 
},
"axis": [ "PC1 (24.1%)", "PC2 (16.2%)", "PC3 (8%)" ],
"axisLoading": [ "Loading 1", "Loading 2", "Loading 3" ],
"metaCol": {
 "label": [ "control", "patient" ],
"color": [ "#E6194B", "#3CB44B" ],
"type": null 
} 
}