{
 "omicstype": "",
"nodes": [
 {
 "id": "C002",
"label": "C002",
"size":       18,
"meta": "control",
"fx":    471.7,
"fy":   394.75,
"fz": -157.8644,
"origX":   1.3585,
"origY":   1.3685,
"origZ": -0.21039,
"colorb": "#E6194B" 
},
{
 "id": "C004",
"label": "C004",
"size":       18,
"meta": "control",
"fx":   449.14,
"fy": 322.1267,
"fz": 114.0667,
"origX":   1.2457,
"origY":  0.93276,
"origZ":   1.0133,
"colorb": "#E6194B" 
},
{
 "id": "C005",
"label": "C005",
"size":       18,
"meta": "control",
"fx":   517.36,
"fy":   562.75,
"fz": -153.9644,
"origX":   1.5868,
"origY":   2.3765,
"origZ": -0.19284,
"colorb": "#E6194B" 
},
{
 "id": "C006",
"label": "C006",
"size":       18,
"meta": "control",
"fx":   657.48,
"fy": 288.3267,
"fz": 62.80444,
"origX":   2.2874,
"origY":  0.72996,
"origZ":  0.78262,
"colorb": "#E6194B" 
},
{
 "id": "C007",
"label": "C007",
"size":       18,
"meta": "control",
"fx":   581.96,
"fy":   238.95,
"fz": -399.1778,
"origX":   1.9098,
"origY":   0.4337,
"origZ":  -1.2963,
"colorb": "#E6194B" 
},
{
 "id": "C009",
"label": "C009",
"size":       18,
"meta": "control",
"fx":   607.86,
"fy": 435.1833,
"fz": -214.3822,
"origX":   2.0393,
"origY":   1.6111,
"origZ": -0.46472,
"colorb": "#E6194B" 
},
{
 "id": "C010",
"label": "C010",
"size":       18,
"meta": "control",
"fx":   508.58,
"fy":   109.51,
"fz": -95.74956,
"origX":   1.5429,
"origY": -0.34294,
"origZ": 0.069127,
"colorb": "#E6194B" 
},
{
 "id": "C011",
"label": "C011",
"size":       18,
"meta": "control",
"fx":   660.08,
"fy": -100.8333,
"fz": 89.89778,
"origX":   2.3004,
"origY":   -1.605,
"origZ":  0.90454,
"colorb": "#E6194B" 
},
{
 "id": "C012",
"label": "C012",
"size":       18,
"meta": "control",
"fx":   622.38,
"fy":    410.5,
"fz": 219.5333,
"origX":   2.1119,
"origY":    1.463,
"origZ":   1.4879,
"colorb": "#E6194B" 
},
{
 "id": "C015",
"label": "C015",
"size":       18,
"meta": "control",
"fx":      656,
"fy":   358.25,
"fz":   -58.26,
"origX":     2.28,
"origY":   1.1495,
"origZ":  0.23783,
"colorb": "#E6194B" 
},
{
 "id": "C016",
"label": "C016",
"size":       18,
"meta": "control",
"fx":   798.92,
"fy": 25.21833,
"fz":    14.94,
"origX":   2.9946,
"origY": -0.84869,
"origZ":  0.56723,
"colorb": "#E6194B" 
},
{
 "id": "C017",
"label": "C017",
"size":       18,
"meta": "control",
"fx":   687.06,
"fy": -167.7667,
"fz": -153.8711,
"origX":   2.4353,
"origY":  -2.0066,
"origZ": -0.19242,
"colorb": "#E6194B" 
},
{
 "id": "C019",
"label": "C019",
"size":       18,
"meta": "control",
"fx":   542.14,
"fy": 430.2167,
"fz": 133.3778,
"origX":   1.7107,
"origY":   1.5813,
"origZ":   1.1002,
"colorb": "#E6194B" 
},
{
 "id": "C020",
"label": "C020",
"size":       18,
"meta": "control",
"fx":    601.5,
"fy":   630.05,
"fz":  -264.46,
"origX":   2.0075,
"origY":   2.7803,
"origZ": -0.69007,
"colorb": "#E6194B" 
},
{
 "id": "C021",
"label": "C021",
"size":       18,
"meta": "control",
"fx":  356.164,
"fy":   566.75,
"fz":     -176,
"origX":  0.78082,
"origY":   2.4005,
"origZ":   -0.292,
"colorb": "#E6194B" 
},
{
 "id": "C022",
"label": "C022",
"size":       18,
"meta": "control",
"fx":   515.42,
"fy": 483.7333,
"fz":   -589.8,
"origX":   1.5771,
"origY":   1.9024,
"origZ":  -2.1541,
"colorb": "#E6194B" 
},
{
 "id": "C024",
"label": "C024",
"size":       18,
"meta": "control",
"fx":   833.96,
"fy":  259.705,
"fz": -129.3184,
"origX":   3.1698,
"origY":  0.55823,
"origZ": -0.081933,
"colorb": "#E6194B" 
},
{
 "id": "C026",
"label": "C026",
"size":       18,
"meta": "control",
"fx":   792.46,
"fy": 366.6667,
"fz": -474.7778,
"origX":   2.9623,
"origY":      1.2,
"origZ":  -1.6365,
"colorb": "#E6194B" 
},
{
 "id": "C028",
"label": "C028",
"size":       18,
"meta": "control",
"fx":    780.1,
"fy": 24.68667,
"fz": 253.5111,
"origX":   2.9005,
"origY": -0.85188,
"origZ":   1.6408,
"colorb": "#E6194B" 
},
{
 "id": "C029",
"label": "C029",
"size":       18,
"meta": "control",
"fx":   455.52,
"fy": 417.5833,
"fz": -109.0236,
"origX":   1.2776,
"origY":   1.5055,
"origZ": 0.0093937,
"colorb": "#E6194B" 
},
{
 "id": "C030",
"label": "C030",
"size":       18,
"meta": "control",
"fx":    449.5,
"fy": 155.7257,
"fz": 90.27333,
"origX":   1.2475,
"origY": -0.065646,
"origZ":  0.90623,
"colorb": "#E6194B" 
},
{
 "id": "C031",
"label": "C031",
"size":       18,
"meta": "control",
"fx":   527.76,
"fy": 56.78667,
"fz":      323,
"origX":   1.6388,
"origY": -0.65928,
"origZ":   1.9535,
"colorb": "#E6194B" 
},
{
 "id": "C032",
"label": "C032",
"size":       18,
"meta": "control",
"fx":   658.56,
"fy": 424.2333,
"fz": -179.1422,
"origX":   2.2928,
"origY":   1.5454,
"origZ": -0.30614,
"colorb": "#E6194B" 
},
{
 "id": "C033",
"label": "C033",
"size":       18,
"meta": "control",
"fx":   793.52,
"fy": 282.8833,
"fz": 28.97556,
"origX":   2.9676,
"origY":   0.6973,
"origZ":  0.63039,
"colorb": "#E6194B" 
},
{
 "id": "C034",
"label": "C034",
"size":       18,
"meta": "control",
"fx":   499.18,
"fy":   47.375,
"fz": 584.5556,
"origX":   1.4959,
"origY": -0.71575,
"origZ":   3.1305,
"colorb": "#E6194B" 
},
{
 "id": "P002",
"label": "P002",
"size":       18,
"meta": "patient",
"fx":  266.364,
"fy": -600.9833,
"fz": -595.7111,
"origX":  0.33182,
"origY":  -4.6059,
"origZ":  -2.1807,
"colorb": "#3CB44B" 
},
{
 "id": "P012",
"label": "P012",
"size":       18,
"meta": "patient",
"fx":  -649.18,
"fy":    472.6,
"fz": 152.7778,
"origX":  -4.2459,
"origY":   1.8356,
"origZ":   1.1875,
"colorb": "#3CB44B" 
},
{
 "id": "P014",
"label": "P014",
"size":       18,
"meta": "patient",
"fx":  -174.66,
"fy": -111.9667,
"fz": -442.9556,
"origX":  -1.8733,
"origY":  -1.6718,
"origZ":  -1.4933,
"colorb": "#3CB44B" 
},
{
 "id": "P027",
"label": "P027",
"size":       18,
"meta": "patient",
"fx":   -44.32,
"fy": 152.1857,
"fz": -359.9556,
"origX":  -1.2216,
"origY": -0.086886,
"origZ":  -1.1198,
"colorb": "#3CB44B" 
},
{
 "id": "P034",
"label": "P034",
"size":       18,
"meta": "patient",
"fx":  -195.48,
"fy": -374.8667,
"fz": -375.2889,
"origX":  -1.9774,
"origY":  -3.2492,
"origZ":  -1.1888,
"colorb": "#3CB44B" 
},
{
 "id": "P037",
"label": "P037",
"size":       18,
"meta": "patient",
"fx":  268.194,
"fy": -520.4167,
"fz":     -678,
"origX":  0.34097,
"origY":  -4.1225,
"origZ":   -2.551,
"colorb": "#3CB44B" 
},
{
 "id": "P038",
"label": "P038",
"size":       18,
"meta": "patient",
"fx":  -274.26,
"fy": 132.1417,
"fz": -195.7178,
"origX":  -2.3713,
"origY": -0.20715,
"origZ": -0.38073,
"colorb": "#3CB44B" 
},
{
 "id": "P041",
"label": "P041",
"size":       18,
"meta": "patient",
"fx":  -510.22,
"fy": 206.2267,
"fz": -293.6044,
"origX":  -3.5511,
"origY":  0.23736,
"origZ": -0.82122,
"colorb": "#3CB44B" 
},
{
 "id": "P042",
"label": "P042",
"size":       18,
"meta": "patient",
"fx":  -199.64,
"fy": 523.7667,
"fz": -336.8222,
"origX":  -1.9982,
"origY":   2.1426,
"origZ":  -1.0157,
"colorb": "#3CB44B" 
},
{
 "id": "P049",
"label": "P049",
"size":       18,
"meta": "patient",
"fx":  -197.78,
"fy": 317.1167,
"fz": -315.1756,
"origX":  -1.9889,
"origY":   0.9027,
"origZ": -0.91829,
"colorb": "#3CB44B" 
},
{
 "id": "P056",
"label": "P056",
"size":       18,
"meta": "patient",
"fx":    24.72,
"fy": 377.5333,
"fz":   -407.6,
"origX":  -0.8764,
"origY":   1.2652,
"origZ":  -1.3342,
"colorb": "#3CB44B" 
},
{
 "id": "P058",
"label": "P058",
"size":       18,
"meta": "patient",
"fx":    -2.16,
"fy": -71.91667,
"fz": -370.8222,
"origX":  -1.0108,
"origY":  -1.4315,
"origZ":  -1.1687,
"colorb": "#3CB44B" 
},
{
 "id": "P060",
"label": "P060",
"size":       18,
"meta": "patient",
"fx":   -169.7,
"fy": 153.2223,
"fz": -294.9867,
"origX":  -1.8485,
"origY": -0.080666,
"origZ": -0.82744,
"colorb": "#3CB44B" 
},
{
 "id": "P064",
"label": "P064",
"size":       18,
"meta": "patient",
"fx":  -342.56,
"fy": 170.5537,
"fz": -96.13889,
"origX":  -2.7128,
"origY": 0.023322,
"origZ": 0.067375,
"colorb": "#3CB44B" 
},
{
 "id": "P065",
"label": "P065",
"size":       18,
"meta": "patient",
"fx":  -361.64,
"fy":     0.88,
"fz": 200.9111,
"origX":  -2.8082,
"origY": -0.99472,
"origZ":   1.4041,
"colorb": "#3CB44B" 
},
{
 "id": "P070",
"label": "P070",
"size":       18,
"meta": "patient",
"fx":   14.094,
"fy":     -144,
"fz": -339.9111,
"origX": -0.92953,
"origY":   -1.864,
"origZ":  -1.0296,
"colorb": "#3CB44B" 
},
{
 "id": "P080",
"label": "P080",
"size":       18,
"meta": "patient",
"fx":  -111.32,
"fy":  -486.65,
"fz":      232,
"origX":  -1.5566,
"origY":  -3.9199,
"origZ":    1.544,
"colorb": "#3CB44B" 
},
{
 "id": "P085",
"label": "P085",
"size":       18,
"meta": "patient",
"fx":  -679.76,
"fy": 762.0667,
"fz": -321.4822,
"origX":  -4.3988,
"origY":   3.5724,
"origZ": -0.94667,
"colorb": "#3CB44B" 
},
{
 "id": "P086",
"label": "P086",
"size":       18,
"meta": "patient",
"fx":  -503.22,
"fy":   370.75,
"fz": 262.4889,
"origX":  -3.5161,
"origY":   1.2245,
"origZ":   1.6812,
"colorb": "#3CB44B" 
},
{
 "id": "P089",
"label": "P089",
"size":       18,
"meta": "patient",
"fx":  -459.36,
"fy": 141.0517,
"fz": 206.6889,
"origX":  -3.2968,
"origY": -0.15369,
"origZ":   1.4301,
"colorb": "#3CB44B" 
},
{
 "id": "P092",
"label": "P092",
"size":       18,
"meta": "patient",
"fx":   63.692,
"fy": -111.6667,
"fz": -566.0889,
"origX": -0.68154,
"origY":    -1.67,
"origZ":  -2.0474,
"colorb": "#3CB44B" 
},
{
 "id": "P099",
"label": "P099",
"size":       18,
"meta": "patient",
"fx":  152.216,
"fy": -130.2833,
"fz": -791.1111,
"origX": -0.23892,
"origY":  -1.7817,
"origZ":    -3.06,
"colorb": "#3CB44B" 
},
{
 "id": "P113",
"label": "P113",
"size":       18,
"meta": "patient",
"fx":  233.064,
"fy": -782.6167,
"fz": 783.5778,
"origX":  0.16532,
"origY":  -5.6957,
"origZ":   4.0261,
"colorb": "#3CB44B" 
},
{
 "id": "P013b",
"label": "P013b",
"size":       18,
"meta": "patient",
"fx":  -593.18,
"fy":    622.6,
"fz": 367.8667,
"origX":  -3.9659,
"origY":   2.7356,
"origZ":   2.1554,
"colorb": "#3CB44B" 
},
{
 "id": "P100b",
"label": "P100b",
"size":       18,
"meta": "patient",
"fx":  -578.14,
"fy": 242.6217,
"fz": 260.3556,
"origX":  -3.8907,
"origY":  0.45573,
"origZ":   1.6716,
"colorb": "#3CB44B" 
} 
],
"meta": [ "control", "control", "control", "control", "control", "control", "control", "control", "control", "control", "control", "control", "control", "control", "control", "control", "control", "control", "control", "control", "control", "control", "control", "control", "control", "patient", "patient", "patient", "patient", "patient", "patient", "patient", "patient", "patient", "patient", "patient", "patient", "patient", "patient", "patient", "patient", "patient", "patient", "patient", "patient", "patient", "patient", "patient", "patient", "patient" ],
"loading": [
 {
 "id": "Bin.0.82",
"label": "Bin.0.82",
"size":       24,
"opacity":     0.79,
"fx":     -842,
"fy":     1000,
"fz":     -400,
"origX":  -0.5131,
"origY":        0,
"origZ":        0,
"seedArr": "notSeed",
"colorb": "#F03E22",
"colorw": "#F03E22" 
},
{
 "id": "Bin.0.94",
"label": "Bin.0.94",
"size":       24,
"opacity":     0.79,
"fx":   -825.4,
"fy":     1000,
"fz":     -400,
"origX": -0.50397,
"origY":        0,
"origZ":        0,
"seedArr": "notSeed",
"colorb": "#F04023",
"colorw": "#F04023" 
},
{
 "id": "Bin.2.70",
"label": "Bin.2.70",
"size":       24,
"opacity":     0.78,
"fx": 830.9818,
"fy":     1000,
"fz":     -400,
"origX":  0.40704,
"origY":        0,
"origZ":        0,
"seedArr": "notSeed",
"colorb": "#F04527",
"colorw": "#F04527" 
},
{
 "id": "Bin.2.54",
"label": "Bin.2.54",
"size":       24,
"opacity":     0.78,
"fx":      748,
"fy":     1000,
"fz":     -400,
"origX":   0.3614,
"origY":        0,
"origZ":        0,
"seedArr": "notSeed",
"colorb": "#F1492A",
"colorw": "#F1492A" 
},
{
 "id": "Bin.8.74",
"label": "Bin.8.74",
"size":       24,
"opacity":     0.77,
"fx": -478.8727,
"fy":     1000,
"fz":     -400,
"origX": -0.31338,
"origY":        0,
"origZ":        0,
"seedArr": "notSeed",
"colorb": "#F14C2C",
"colorw": "#F14C2C" 
},
{
 "id": "Bin.8.70",
"label": "Bin.8.70",
"size":       24,
"opacity":     0.76,
"fx": -267.0909,
"fy":     1000,
"fz":     -400,
"origX":  -0.1969,
"origY":        0,
"origZ":        0,
"seedArr": "notSeed",
"colorb": "#F25734",
"colorw": "#F25734" 
},
{
 "id": "Bin.0.78",
"label": "Bin.0.78",
"size":       24,
"opacity":     0.75,
"fx": -216.8909,
"fy":     1000,
"fz":     -400,
"origX": -0.16929,
"origY":        0,
"origZ":        0,
"seedArr": "notSeed",
"colorb": "#F25B37",
"colorw": "#F25B37" 
},
{
 "id": "Bin.0.50",
"label": "Bin.0.50",
"size":       24,
"opacity":     0.75,
"fx": -117.7273,
"fy":     1000,
"fz":     -400,
"origX": -0.11475,
"origY":        0,
"origZ":        0,
"seedArr": "notSeed",
"colorb": "#F3603B",
"colorw": "#F3603B" 
},
{
 "id": "Bin.0.62",
"label": "Bin.0.62",
"size":       24,
"opacity":     0.74,
"fx": -55.57273,
"fy":     1000,
"fz":     -400,
"origX": -0.080565,
"origY":        0,
"origZ":        0,
"seedArr": "notSeed",
"colorb": "#F3653E",
"colorw": "#F3653E" 
},
{
 "id": "Bin.2.58",
"label": "Bin.2.58",
"size":       24,
"opacity":     0.77,
"fx": 153.1218,
"fy":     1000,
"fz":   168.34,
"origX": 0.034217,
"origY":        0,
"origZ":  0.28417,
"seedArr": "notSeed",
"colorb": "#F1502F",
"colorw": "#F1502F" 
},
{
 "id": "Bin.3.66",
"label": "Bin.3.66",
"size":       24,
"opacity":      0.8,
"fx": 90.90909,
"fy": -862.0308,
"fz":     -400,
"origX":        0,
"origY": -0.60516,
"origZ":        0,
"seedArr": "notSeed",
"colorb": "#F03C21",
"colorw": "#F03C21" 
},
{
 "id": "Bin.3.62",
"label": "Bin.3.62",
"size":       24,
"opacity":     0.79,
"fx": 90.90909,
"fy": -549.2615,
"fz":     -400,
"origX":        0,
"origY": -0.50351,
"origZ":        0,
"seedArr": "notSeed",
"colorb": "#F04225",
"colorw": "#F04225" 
},
{
 "id": "Bin.2.26",
"label": "Bin.2.26",
"size":       24,
"opacity":     0.78,
"fx": 90.90909,
"fy": -190.3077,
"fz":     -400,
"origX":        0,
"origY": -0.38685,
"origZ":        0,
"seedArr": "notSeed",
"colorb": "#F14729",
"colorw": "#F14729" 
},
{
 "id": "Bin.3.70",
"label": "Bin.3.70",
"size":       24,
"opacity":     0.78,
"fx": 90.90909,
"fy": -109.7538,
"fz":     -400,
"origX":        0,
"origY": -0.36067,
"origZ":        0,
"seedArr": "notSeed",
"colorb": "#F14B2B",
"colorw": "#F14B2B" 
},
{
 "id": "Bin.4.22",
"label": "Bin.4.22",
"size":       24,
"opacity":     0.76,
"fx": 90.90909,
"fy": 318.0615,
"fz":     -400,
"origX":        0,
"origY": -0.22163,
"origZ":        0,
"seedArr": "notSeed",
"colorb": "#F25533",
"colorw": "#F25533" 
},
{
 "id": "Bin.4.18",
"label": "Bin.4.18",
"size":       24,
"opacity":     0.76,
"fx": 90.90909,
"fy": 440.8615,
"fz":     -400,
"origX":        0,
"origY": -0.18172,
"origZ":        0,
"seedArr": "notSeed",
"colorb": "#F25935",
"colorw": "#F25935" 
},
{
 "id": "Bin.7.34",
"label": "Bin.7.34",
"size":       24,
"opacity":     0.74,
"fx": 90.90909,
"fy": 658.9846,
"fz":     -400,
"origX":        0,
"origY": -0.11083,
"origZ":        0,
"seedArr": "notSeed",
"colorb": "#F3623C",
"colorw": "#F3623C" 
},
{
 "id": "Bin.3.22",
"label": "Bin.3.22",
"size":       24,
"opacity":     0.74,
"fx": 90.90909,
"fy": 768.7077,
"fz":     -400,
"origX":        0,
"origY": -0.07517,
"origZ":        0,
"seedArr": "notSeed",
"colorb": "#F36740",
"colorw": "#F36740" 
},
{
 "id": "Bin.1.34",
"label": "Bin.1.34",
"size":       24,
"opacity":     0.73,
"fx": 90.90909,
"fy": 934.2031,
"fz":     -400,
"origX":        0,
"origY": -0.021384,
"origZ":        0,
"seedArr": "notSeed",
"colorb": "#F36941",
"colorw": "#F36941" 
},
{
 "id": "Bin.3.54",
"label": "Bin.3.54",
"size":       24,
"opacity":     0.73,
"fx": 90.90909,
"fy": 999.8783,
"fz":     -400,
"origX":        0,
"origY": -3.9563e-05,
"origZ":        0,
"seedArr": "notSeed",
"colorb": "#F46D44",
"colorw": "#F46D44" 
},
{
 "id": "Bin.9.98",
"label": "Bin.9.98",
"size":       24,
"opacity":      0.3,
"fx": 90.90909,
"fy":     1000,
"fz":     -400,
"origX":        0,
"origY":        0,
"origZ":        0,
"seedArr": "notSeed",
"colorb": "#FCF5DF",
"colorw": "#FCF5DF" 
},
{
 "id": "Bin.9.94",
"label": "Bin.9.94",
"size":       24,
"opacity":      0.3,
"fx": 90.90909,
"fy":     1000,
"fz":     -400,
"origX":        0,
"origY":        0,
"origZ":        0,
"seedArr": "notSeed",
"colorb": "#FCF4DE",
"colorw": "#FCF4DE" 
},
{
 "id": "Bin.9.90",
"label": "Bin.9.90",
"size":       24,
"opacity":     0.75,
"fx": 90.90909,
"fy":     1000,
"fz":  -671.46,
"origX":        0,
"origY":        0,
"origZ": -0.13573,
"seedArr": "notSeed",
"colorb": "#F35E39",
"colorw": "#F35E39" 
},
{
 "id": "Bin.9.86",
"label": "Bin.9.86",
"size":       24,
"opacity":     0.31,
"fx": 90.90909,
"fy":     1000,
"fz":     -400,
"origX":        0,
"origY":        0,
"origZ":        0,
"seedArr": "notSeed",
"colorb": "#FCF4DD",
"colorw": "#FCF4DD" 
},
{
 "id": "Bin.9.82",
"label": "Bin.9.82",
"size":       24,
"opacity":     0.31,
"fx": 90.90909,
"fy":     1000,
"fz":     -400,
"origX":        0,
"origY":        0,
"origZ":        0,
"seedArr": "notSeed",
"colorb": "#FCF4DD",
"colorw": "#FCF4DD" 
},
{
 "id": "Bin.9.78",
"label": "Bin.9.78",
"size":       24,
"opacity":     0.31,
"fx": 90.90909,
"fy":     1000,
"fz":     -400,
"origX":        0,
"origY":        0,
"origZ":        0,
"seedArr": "notSeed",
"colorb": "#FCF4DC",
"colorw": "#FCF4DC" 
},
{
 "id": "Bin.9.74",
"label": "Bin.9.74",
"size":       24,
"opacity":     0.31,
"fx": 90.90909,
"fy":     1000,
"fz":     -400,
"origX":        0,
"origY":        0,
"origZ":        0,
"seedArr": "notSeed",
"colorb": "#FCF4DB",
"colorw": "#FCF4DB" 
},
{
 "id": "Bin.9.70",
"label": "Bin.9.70",
"size":       24,
"opacity":     0.32,
"fx": 90.90909,
"fy":     1000,
"fz":     -400,
"origX":        0,
"origY":        0,
"origZ":        0,
"seedArr": "notSeed",
"colorb": "#FCF4DB",
"colorw": "#FCF4DB" 
},
{
 "id": "Bin.9.66",
"label": "Bin.9.66",
"size":       24,
"opacity":     0.32,
"fx": 90.90909,
"fy":     1000,
"fz":     -400,
"origX":        0,
"origY":        0,
"origZ":        0,
"seedArr": "notSeed",
"colorb": "#FCF4DA",
"colorw": "#FCF4DA" 
},
{
 "id": "Bin.9.62",
"label": "Bin.9.62",
"size":       24,
"opacity":     0.32,
"fx": 90.90909,
"fy":     1000,
"fz":     -400,
"origX":        0,
"origY":        0,
"origZ":        0,
"seedArr": "notSeed",
"colorb": "#FCF4D9",
"colorw": "#FCF4D9" 
},
{
 "id": "Bin.9.58",
"label": "Bin.9.58",
"size":       24,
"opacity":     0.32,
"fx": 90.90909,
"fy":     1000,
"fz":     -400,
"origX":        0,
"origY":        0,
"origZ":        0,
"seedArr": "notSeed",
"colorb": "#FCF4D9",
"colorw": "#FCF4D9" 
},
{
 "id": "Bin.9.54",
"label": "Bin.9.54",
"size":       24,
"opacity":     0.33,
"fx": 90.90909,
"fy":     1000,
"fz":     -400,
"origX":        0,
"origY":        0,
"origZ":        0,
"seedArr": "notSeed",
"colorb": "#FCF4D8",
"colorw": "#FCF4D8" 
},
{
 "id": "Bin.9.50",
"label": "Bin.9.50",
"size":       24,
"opacity":     0.33,
"fx": 90.90909,
"fy":     1000,
"fz":     -400,
"origX":        0,
"origY":        0,
"origZ":        0,
"seedArr": "notSeed",
"colorb": "#FCF4D8",
"colorw": "#FCF4D8" 
},
{
 "id": "Bin.9.46",
"label": "Bin.9.46",
"size":       24,
"opacity":     0.33,
"fx": 90.90909,
"fy":     1000,
"fz":     -400,
"origX":        0,
"origY":        0,
"origZ":        0,
"seedArr": "notSeed",
"colorb": "#FCF4D7",
"colorw": "#FCF4D7" 
},
{
 "id": "Bin.9.42",
"label": "Bin.9.42",
"size":       24,
"opacity":     0.33,
"fx": 90.90909,
"fy":     1000,
"fz":     -400,
"origX":        0,
"origY":        0,
"origZ":        0,
"seedArr": "notSeed",
"colorb": "#FCF3D6",
"colorw": "#FCF3D6" 
},
{
 "id": "Bin.9.38",
"label": "Bin.9.38",
"size":       24,
"opacity":     0.34,
"fx": 90.90909,
"fy":     1000,
"fz":     -400,
"origX":        0,
"origY":        0,
"origZ":        0,
"seedArr": "notSeed",
"colorb": "#FCF3D6",
"colorw": "#FCF3D6" 
},
{
 "id": "Bin.9.34",
"label": "Bin.9.34",
"size":       24,
"opacity":     0.34,
"fx": 90.90909,
"fy":     1000,
"fz":     -400,
"origX":        0,
"origY":        0,
"origZ":        0,
"seedArr": "notSeed",
"colorb": "#FCF3D5",
"colorw": "#FCF3D5" 
},
{
 "id": "Bin.9.30",
"label": "Bin.9.30",
"size":       24,
"opacity":     0.34,
"fx": 90.90909,
"fy":     1000,
"fz":     -400,
"origX":        0,
"origY":        0,
"origZ":        0,
"seedArr": "notSeed",
"colorb": "#FCF3D4",
"colorw": "#FCF3D4" 
},
{
 "id": "Bin.9.26",
"label": "Bin.9.26",
"size":       24,
"opacity":     0.34,
"fx": 90.90909,
"fy":     1000,
"fz":     -400,
"origX":        0,
"origY":        0,
"origZ":        0,
"seedArr": "notSeed",
"colorb": "#FCF3D4",
"colorw": "#FCF3D4" 
},
{
 "id": "Bin.9.22",
"label": "Bin.9.22",
"size":       24,
"opacity":     0.35,
"fx": 90.90909,
"fy":     1000,
"fz":     -400,
"origX":        0,
"origY":        0,
"origZ":        0,
"seedArr": "notSeed",
"colorb": "#FCF3D3",
"colorw": "#FCF3D3" 
},
{
 "id": "Bin.9.18",
"label": "Bin.9.18",
"size":       24,
"opacity":     0.35,
"fx": 90.90909,
"fy":     1000,
"fz":     -400,
"origX":        0,
"origY":        0,
"origZ":        0,
"seedArr": "notSeed",
"colorb": "#FCF3D2",
"colorw": "#FCF3D2" 
},
{
 "id": "Bin.9.14",
"label": "Bin.9.14",
"size":       24,
"opacity":     0.35,
"fx": 90.90909,
"fy":     1000,
"fz":     -400,
"origX":        0,
"origY":        0,
"origZ":        0,
"seedArr": "notSeed",
"colorb": "#FCF3D2",
"colorw": "#FCF3D2" 
},
{
 "id": "Bin.9.10",
"label": "Bin.9.10",
"size":       24,
"opacity":     0.35,
"fx": 90.90909,
"fy":     1000,
"fz":     -400,
"origX":        0,
"origY":        0,
"origZ":        0,
"seedArr": "notSeed",
"colorb": "#FCF3D1",
"colorw": "#FCF3D1" 
},
{
 "id": "Bin.9.06",
"label": "Bin.9.06",
"size":       24,
"opacity":     0.73,
"fx": 90.90909,
"fy":     1000,
"fz": -400.3949,
"origX":        0,
"origY":        0,
"origZ": -0.00019743,
"seedArr": "notSeed",
"colorb": "#F46B42",
"colorw": "#F46B42" 
},
{
 "id": "Bin.9.02",
"label": "Bin.9.02",
"size":       24,
"opacity":     0.36,
"fx": 90.90909,
"fy":     1000,
"fz":     -400,
"origX":        0,
"origY":        0,
"origZ":        0,
"seedArr": "notSeed",
"colorb": "#FCF3D1",
"colorw": "#FCF3D1" 
},
{
 "id": "Bin.8.98",
"label": "Bin.8.98",
"size":       24,
"opacity":     0.36,
"fx": 90.90909,
"fy":     1000,
"fz":     -400,
"origX":        0,
"origY":        0,
"origZ":        0,
"seedArr": "notSeed",
"colorb": "#FCF3D0",
"colorw": "#FCF3D0" 
},
{
 "id": "Bin.8.94",
"label": "Bin.8.94",
"size":       24,
"opacity":     0.36,
"fx": 90.90909,
"fy":     1000,
"fz":     -400,
"origX":        0,
"origY":        0,
"origZ":        0,
"seedArr": "notSeed",
"colorb": "#FCF3CF",
"colorw": "#FCF3CF" 
},
{
 "id": "Bin.8.90",
"label": "Bin.8.90",
"size":       24,
"opacity":     0.36,
"fx": 90.90909,
"fy":     1000,
"fz":     -400,
"origX":        0,
"origY":        0,
"origZ":        0,
"seedArr": "notSeed",
"colorb": "#FCF2CF",
"colorw": "#FCF2CF" 
},
{
 "id": "Bin.8.86",
"label": "Bin.8.86",
"size":       24,
"opacity":     0.37,
"fx": 90.90909,
"fy":     1000,
"fz":     -400,
"origX":        0,
"origY":        0,
"origZ":        0,
"seedArr": "notSeed",
"colorb": "#FCF2CE",
"colorw": "#FCF2CE" 
},
{
 "id": "Bin.8.82",
"label": "Bin.8.82",
"size":       24,
"opacity":     0.37,
"fx": 90.90909,
"fy":     1000,
"fz":     -400,
"origX":        0,
"origY":        0,
"origZ":        0,
"seedArr": "notSeed",
"colorb": "#FCF2CD",
"colorw": "#FCF2CD" 
},
{
 "id": "Bin.8.78",
"label": "Bin.8.78",
"size":       24,
"opacity":     0.37,
"fx": 90.90909,
"fy":     1000,
"fz":     -400,
"origX":        0,
"origY":        0,
"origZ":        0,
"seedArr": "notSeed",
"colorb": "#FCF2CD",
"colorw": "#FCF2CD" 
},
{
 "id": "Bin.8.66",
"label": "Bin.8.66",
"size":       24,
"opacity":     0.37,
"fx": 90.90909,
"fy":     1000,
"fz":     -400,
"origX":        0,
"origY":        0,
"origZ":        0,
"seedArr": "notSeed",
"colorb": "#FCF2CC",
"colorw": "#FCF2CC" 
},
{
 "id": "Bin.8.62",
"label": "Bin.8.62",
"size":       24,
"opacity":     0.38,
"fx": 90.90909,
"fy":     1000,
"fz":     -400,
"origX":        0,
"origY":        0,
"origZ":        0,
"seedArr": "notSeed",
"colorb": "#FCF2CC",
"colorw": "#FCF2CC" 
},
{
 "id": "Bin.8.58",
"label": "Bin.8.58",
"size":       24,
"opacity":     0.38,
"fx": 90.90909,
"fy":     1000,
"fz":     -400,
"origX":        0,
"origY":        0,
"origZ":        0,
"seedArr": "notSeed",
"colorb": "#FCF2CB",
"colorw": "#FCF2CB" 
},
{
 "id": "Bin.8.54",
"label": "Bin.8.54",
"size":       24,
"opacity":     0.38,
"fx": 90.90909,
"fy":     1000,
"fz":     -400,
"origX":        0,
"origY":        0,
"origZ":        0,
"seedArr": "notSeed",
"colorb": "#FCF2CA",
"colorw": "#FCF2CA" 
},
{
 "id": "Bin.8.50",
"label": "Bin.8.50",
"size":       24,
"opacity":     0.38,
"fx": 90.90909,
"fy":     1000,
"fz":     -400,
"origX":        0,
"origY":        0,
"origZ":        0,
"seedArr": "notSeed",
"colorb": "#FCF2CA",
"colorw": "#FCF2CA" 
},
{
 "id": "Bin.8.46",
"label": "Bin.8.46",
"size":       24,
"opacity":     0.39,
"fx": 90.90909,
"fy":     1000,
"fz":     -400,
"origX":        0,
"origY":        0,
"origZ":        0,
"seedArr": "notSeed",
"colorb": "#FDF2C9",
"colorw": "#FDF2C9" 
},
{
 "id": "Bin.8.42",
"label": "Bin.8.42",
"size":       24,
"opacity":     0.39,
"fx": 90.90909,
"fy":     1000,
"fz":     -400,
"origX":        0,
"origY":        0,
"origZ":        0,
"seedArr": "notSeed",
"colorb": "#FDF2C8",
"colorw": "#FDF2C8" 
},
{
 "id": "Bin.8.38",
"label": "Bin.8.38",
"size":       24,
"opacity":     0.39,
"fx": 90.90909,
"fy":     1000,
"fz":     -400,
"origX":        0,
"origY":        0,
"origZ":        0,
"seedArr": "notSeed",
"colorb": "#FDF2C8",
"colorw": "#FDF2C8" 
},
{
 "id": "Bin.8.34",
"label": "Bin.8.34",
"size":       24,
"opacity":     0.39,
"fx": 90.90909,
"fy":     1000,
"fz":     -400,
"origX":        0,
"origY":        0,
"origZ":        0,
"seedArr": "notSeed",
"colorb": "#FDF2C7",
"colorw": "#FDF2C7" 
},
{
 "id": "Bin.8.30",
"label": "Bin.8.30",
"size":       24,
"opacity":      0.4,
"fx": 90.90909,
"fy":     1000,
"fz":     -400,
"origX":        0,
"origY":        0,
"origZ":        0,
"seedArr": "notSeed",
"colorb": "#FDF1C6",
"colorw": "#FDF1C6" 
},
{
 "id": "Bin.8.26",
"label": "Bin.8.26",
"size":       24,
"opacity":      0.4,
"fx": 90.90909,
"fy":     1000,
"fz":     -400,
"origX":        0,
"origY":        0,
"origZ":        0,
"seedArr": "notSeed",
"colorb": "#FDF1C6",
"colorw": "#FDF1C6" 
},
{
 "id": "Bin.8.22",
"label": "Bin.8.22",
"size":       24,
"opacity":      0.4,
"fx": 90.90909,
"fy":     1000,
"fz":     -400,
"origX":        0,
"origY":        0,
"origZ":        0,
"seedArr": "notSeed",
"colorb": "#FDF1C5",
"colorw": "#FDF1C5" 
},
{
 "id": "Bin.8.18",
"label": "Bin.8.18",
"size":       24,
"opacity":     0.75,
"fx": 90.90909,
"fy":     1000,
"fz":  -119.48,
"origX":        0,
"origY":        0,
"origZ":  0.14026,
"seedArr": "notSeed",
"colorb": "#F25C38",
"colorw": "#F25C38" 
},
{
 "id": "Bin.8.14",
"label": "Bin.8.14",
"size":       24,
"opacity":      0.4,
"fx": 90.90909,
"fy":     1000,
"fz":     -400,
"origX":        0,
"origY":        0,
"origZ":        0,
"seedArr": "notSeed",
"colorb": "#FDF1C5",
"colorw": "#FDF1C5" 
},
{
 "id": "Bin.8.10",
"label": "Bin.8.10",
"size":       24,
"opacity":     0.41,
"fx": 90.90909,
"fy":     1000,
"fz":     -400,
"origX":        0,
"origY":        0,
"origZ":        0,
"seedArr": "notSeed",
"colorb": "#FDF1C4",
"colorw": "#FDF1C4" 
},
{
 "id": "Bin.8.06",
"label": "Bin.8.06",
"size":       24,
"opacity":     0.41,
"fx": 90.90909,
"fy":     1000,
"fz":     -400,
"origX":        0,
"origY":        0,
"origZ":        0,
"seedArr": "notSeed",
"colorb": "#FDF1C3",
"colorw": "#FDF1C3" 
},
{
 "id": "Bin.8.02",
"label": "Bin.8.02",
"size":       24,
"opacity":     0.74,
"fx": 90.90909,
"fy":     1000,
"fz":   -190.5,
"origX":        0,
"origY":        0,
"origZ":  0.10475,
"seedArr": "notSeed",
"colorb": "#F3643D",
"colorw": "#F3643D" 
},
{
 "id": "Bin.7.98",
"label": "Bin.7.98",
"size":       24,
"opacity":     0.41,
"fx": 90.90909,
"fy":     1000,
"fz":     -400,
"origX":        0,
"origY":        0,
"origZ":        0,
"seedArr": "notSeed",
"colorb": "#FDF1C3",
"colorw": "#FDF1C3" 
},
{
 "id": "Bin.7.94",
"label": "Bin.7.94",
"size":       24,
"opacity":     0.41,
"fx": 90.90909,
"fy":     1000,
"fz":     -400,
"origX":        0,
"origY":        0,
"origZ":        0,
"seedArr": "notSeed",
"colorb": "#FDF1C2",
"colorw": "#FDF1C2" 
},
{
 "id": "Bin.7.90",
"label": "Bin.7.90",
"size":       24,
"opacity":     0.42,
"fx": 90.90909,
"fy":     1000,
"fz":     -400,
"origX":        0,
"origY":        0,
"origZ":        0,
"seedArr": "notSeed",
"colorb": "#FDF1C1",
"colorw": "#FDF1C1" 
},
{
 "id": "Bin.7.86",
"label": "Bin.7.86",
"size":       24,
"opacity":     0.42,
"fx": 90.90909,
"fy":     1000,
"fz":     -400,
"origX":        0,
"origY":        0,
"origZ":        0,
"seedArr": "notSeed",
"colorb": "#FDF1C1",
"colorw": "#FDF1C1" 
},
{
 "id": "Bin.7.82",
"label": "Bin.7.82",
"size":       24,
"opacity":     0.42,
"fx": 90.90909,
"fy":     1000,
"fz":     -400,
"origX":        0,
"origY":        0,
"origZ":        0,
"seedArr": "notSeed",
"colorb": "#FDF1C0",
"colorw": "#FDF1C0" 
},
{
 "id": "Bin.7.78",
"label": "Bin.7.78",
"size":       24,
"opacity":     0.42,
"fx": 90.90909,
"fy":     1000,
"fz":     -400,
"origX":        0,
"origY":        0,
"origZ":        0,
"seedArr": "notSeed",
"colorb": "#FDF1BF",
"colorw": "#FDF1BF" 
},
{
 "id": "Bin.7.74",
"label": "Bin.7.74",
"size":       24,
"opacity":     0.43,
"fx": 90.90909,
"fy":     1000,
"fz":     -400,
"origX":        0,
"origY":        0,
"origZ":        0,
"seedArr": "notSeed",
"colorb": "#FDF0BF",
"colorw": "#FDF0BF" 
},
{
 "id": "Bin.7.70",
"label": "Bin.7.70",
"size":       24,
"opacity":     0.43,
"fx": 90.90909,
"fy":     1000,
"fz":     -400,
"origX":        0,
"origY":        0,
"origZ":        0,
"seedArr": "notSeed",
"colorb": "#FDF0BE",
"colorw": "#FDF0BE" 
},
{
 "id": "Bin.7.66",
"label": "Bin.7.66",
"size":       24,
"opacity":     0.43,
"fx": 90.90909,
"fy":     1000,
"fz":     -400,
"origX":        0,
"origY":        0,
"origZ":        0,
"seedArr": "notSeed",
"colorb": "#FDF0BE",
"colorw": "#FDF0BE" 
},
{
 "id": "Bin.7.62",
"label": "Bin.7.62",
"size":       24,
"opacity":     0.43,
"fx": 90.90909,
"fy":     1000,
"fz":     -400,
"origX":        0,
"origY":        0,
"origZ":        0,
"seedArr": "notSeed",
"colorb": "#FDF0BD",
"colorw": "#FDF0BD" 
},
{
 "id": "Bin.7.58",
"label": "Bin.7.58",
"size":       24,
"opacity":     0.44,
"fx": 90.90909,
"fy":     1000,
"fz":     -400,
"origX":        0,
"origY":        0,
"origZ":        0,
"seedArr": "notSeed",
"colorb": "#FDF0BC",
"colorw": "#FDF0BC" 
},
{
 "id": "Bin.7.54",
"label": "Bin.7.54",
"size":       24,
"opacity":     0.44,
"fx": 90.90909,
"fy":     1000,
"fz":     -400,
"origX":        0,
"origY":        0,
"origZ":        0,
"seedArr": "notSeed",
"colorb": "#FDF0BC",
"colorw": "#FDF0BC" 
},
{
 "id": "Bin.7.50",
"label": "Bin.7.50",
"size":       24,
"opacity":     0.44,
"fx": 90.90909,
"fy":     1000,
"fz":     -400,
"origX":        0,
"origY":        0,
"origZ":        0,
"seedArr": "notSeed",
"colorb": "#FDF0BB",
"colorw": "#FDF0BB" 
},
{
 "id": "Bin.7.46",
"label": "Bin.7.46",
"size":       24,
"opacity":     0.44,
"fx": 90.90909,
"fy":     1000,
"fz":     -400,
"origX":        0,
"origY":        0,
"origZ":        0,
"seedArr": "notSeed",
"colorb": "#FDF0BA",
"colorw": "#FDF0BA" 
},
{
 "id": "Bin.7.42",
"label": "Bin.7.42",
"size":       24,
"opacity":     0.45,
"fx": 90.90909,
"fy":     1000,
"fz":     -400,
"origX":        0,
"origY":        0,
"origZ":        0,
"seedArr": "notSeed",
"colorb": "#FDF0BA",
"colorw": "#FDF0BA" 
},
{
 "id": "Bin.7.38",
"label": "Bin.7.38",
"size":       24,
"opacity":     0.45,
"fx": 90.90909,
"fy":     1000,
"fz":     -400,
"origX":        0,
"origY":        0,
"origZ":        0,
"seedArr": "notSeed",
"colorb": "#FDF0B9",
"colorw": "#FDF0B9" 
},
{
 "id": "Bin.7.30",
"label": "Bin.7.30",
"size":       24,
"opacity":     0.45,
"fx": 90.90909,
"fy":     1000,
"fz":     -400,
"origX":        0,
"origY":        0,
"origZ":        0,
"seedArr": "notSeed",
"colorb": "#FDF0B9",
"colorw": "#FDF0B9" 
},
{
 "id": "Bin.7.26",
"label": "Bin.7.26",
"size":       24,
"opacity":     0.45,
"fx": 90.90909,
"fy":     1000,
"fz":     -400,
"origX":        0,
"origY":        0,
"origZ":        0,
"seedArr": "notSeed",
"colorb": "#FDF0B8",
"colorw": "#FDF0B8" 
},
{
 "id": "Bin.7.22",
"label": "Bin.7.22",
"size":       24,
"opacity":     0.46,
"fx": 90.90909,
"fy":     1000,
"fz":     -400,
"origX":        0,
"origY":        0,
"origZ":        0,
"seedArr": "notSeed",
"colorb": "#FDF0B7",
"colorw": "#FDF0B7" 
},
{
 "id": "Bin.7.18",
"label": "Bin.7.18",
"size":       24,
"opacity":     0.46,
"fx": 90.90909,
"fy":     1000,
"fz":     -400,
"origX":        0,
"origY":        0,
"origZ":        0,
"seedArr": "notSeed",
"colorb": "#FDEFB7",
"colorw": "#FDEFB7" 
},
{
 "id": "Bin.7.14",
"label": "Bin.7.14",
"size":       24,
"opacity":     0.46,
"fx": 90.90909,
"fy":     1000,
"fz":     -400,
"origX":        0,
"origY":        0,
"origZ":        0,
"seedArr": "notSeed",
"colorb": "#FDEFB6",
"colorw": "#FDEFB6" 
},
{
 "id": "Bin.7.10",
"label": "Bin.7.10",
"size":       24,
"opacity":     0.46,
"fx": 90.90909,
"fy":     1000,
"fz":     -400,
"origX":        0,
"origY":        0,
"origZ":        0,
"seedArr": "notSeed",
"colorb": "#FDEFB5",
"colorw": "#FDEFB5" 
},
{
 "id": "Bin.7.06",
"label": "Bin.7.06",
"size":       24,
"opacity":     0.77,
"fx": 90.90909,
"fy":     1000,
"fz":   -973.1,
"origX":        0,
"origY":        0,
"origZ": -0.28655,
"seedArr": "notSeed",
"colorb": "#F14E2E",
"colorw": "#F14E2E" 
},
{
 "id": "Bin.7.02",
"label": "Bin.7.02",
"size":       24,
"opacity":     0.47,
"fx": 90.90909,
"fy":     1000,
"fz":     -400,
"origX":        0,
"origY":        0,
"origZ":        0,
"seedArr": "notSeed",
"colorb": "#FDEFB5",
"colorw": "#FDEFB5" 
},
{
 "id": "Bin.6.98",
"label": "Bin.6.98",
"size":       24,
"opacity":     0.47,
"fx": 90.90909,
"fy":     1000,
"fz":     -400,
"origX":        0,
"origY":        0,
"origZ":        0,
"seedArr": "notSeed",
"colorb": "#FEEFB4",
"colorw": "#FEEFB4" 
},
{
 "id": "Bin.6.94",
"label": "Bin.6.94",
"size":       24,
"opacity":     0.47,
"fx": 90.90909,
"fy":     1000,
"fz":     -400,
"origX":        0,
"origY":        0,
"origZ":        0,
"seedArr": "notSeed",
"colorb": "#FEEFB3",
"colorw": "#FEEFB3" 
},
{
 "id": "Bin.6.90",
"label": "Bin.6.90",
"size":       24,
"opacity":     0.47,
"fx": 90.90909,
"fy":     1000,
"fz":     -400,
"origX":        0,
"origY":        0,
"origZ":        0,
"seedArr": "notSeed",
"colorb": "#FEEFB3",
"colorw": "#FEEFB3" 
},
{
 "id": "Bin.6.86",
"label": "Bin.6.86",
"size":       24,
"opacity":     0.48,
"fx": 90.90909,
"fy":     1000,
"fz":     -400,
"origX":        0,
"origY":        0,
"origZ":        0,
"seedArr": "notSeed",
"colorb": "#FEEFB2",
"colorw": "#FEEFB2" 
},
{
 "id": "Bin.6.82",
"label": "Bin.6.82",
"size":       24,
"opacity":     0.48,
"fx": 90.90909,
"fy":     1000,
"fz":     -400,
"origX":        0,
"origY":        0,
"origZ":        0,
"seedArr": "notSeed",
"colorb": "#FEEFB2",
"colorw": "#FEEFB2" 
},
{
 "id": "Bin.6.78",
"label": "Bin.6.78",
"size":       24,
"opacity":     0.48,
"fx": 90.90909,
"fy":     1000,
"fz":     -400,
"origX":        0,
"origY":        0,
"origZ":        0,
"seedArr": "notSeed",
"colorb": "#FEEFB1",
"colorw": "#FEEFB1" 
},
{
 "id": "Bin.6.74",
"label": "Bin.6.74",
"size":       24,
"opacity":     0.48,
"fx": 90.90909,
"fy":     1000,
"fz":     -400,
"origX":        0,
"origY":        0,
"origZ":        0,
"seedArr": "notSeed",
"colorb": "#FEEFB0",
"colorw": "#FEEFB0" 
},
{
 "id": "Bin.6.70",
"label": "Bin.6.70",
"size":       24,
"opacity":     0.49,
"fx": 90.90909,
"fy":     1000,
"fz":     -400,
"origX":        0,
"origY":        0,
"origZ":        0,
"seedArr": "notSeed",
"colorb": "#FEEFB0",
"colorw": "#FEEFB0" 
},
{
 "id": "Bin.6.66",
"label": "Bin.6.66",
"size":       24,
"opacity":     0.49,
"fx": 90.90909,
"fy":     1000,
"fz":     -400,
"origX":        0,
"origY":        0,
"origZ":        0,
"seedArr": "notSeed",
"colorb": "#FEEEAF",
"colorw": "#FEEEAF" 
},
{
 "id": "Bin.6.62",
"label": "Bin.6.62",
"size":       24,
"opacity":     0.49,
"fx": 90.90909,
"fy":     1000,
"fz":     -400,
"origX":        0,
"origY":        0,
"origZ":        0,
"seedArr": "notSeed",
"colorb": "#FEEEAE",
"colorw": "#FEEEAE" 
},
{
 "id": "Bin.6.58",
"label": "Bin.6.58",
"size":       24,
"opacity":     0.49,
"fx": 90.90909,
"fy":     1000,
"fz":     -400,
"origX":        0,
"origY":        0,
"origZ":        0,
"seedArr": "notSeed",
"colorb": "#FEEEAE",
"colorw": "#FEEEAE" 
},
{
 "id": "Bin.6.54",
"label": "Bin.6.54",
"size":       24,
"opacity":      0.5,
"fx": 90.90909,
"fy":     1000,
"fz":     -400,
"origX":        0,
"origY":        0,
"origZ":        0,
"seedArr": "notSeed",
"colorb": "#FEEEAD",
"colorw": "#FEEEAD" 
},
{
 "id": "Bin.6.50",
"label": "Bin.6.50",
"size":       24,
"opacity":      0.5,
"fx": 90.90909,
"fy":     1000,
"fz":     -400,
"origX":        0,
"origY":        0,
"origZ":        0,
"seedArr": "notSeed",
"colorb": "#FEEEAC",
"colorw": "#FEEEAC" 
},
{
 "id": "Bin.6.46",
"label": "Bin.6.46",
"size":       24,
"opacity":      0.5,
"fx": 90.90909,
"fy":     1000,
"fz":     -400,
"origX":        0,
"origY":        0,
"origZ":        0,
"seedArr": "notSeed",
"colorb": "#FEEEAC",
"colorw": "#FEEEAC" 
},
{
 "id": "Bin.6.42",
"label": "Bin.6.42",
"size":       24,
"opacity":      0.5,
"fx": 90.90909,
"fy":     1000,
"fz":     -400,
"origX":        0,
"origY":        0,
"origZ":        0,
"seedArr": "notSeed",
"colorb": "#FEEEAB",
"colorw": "#FEEEAB" 
},
{
 "id": "Bin.6.38",
"label": "Bin.6.38",
"size":       24,
"opacity":     0.51,
"fx": 90.90909,
"fy":     1000,
"fz":     -400,
"origX":        0,
"origY":        0,
"origZ":        0,
"seedArr": "notSeed",
"colorb": "#FEEEAB",
"colorw": "#FEEEAB" 
},
{
 "id": "Bin.6.34",
"label": "Bin.6.34",
"size":       24,
"opacity":     0.51,
"fx": 90.90909,
"fy":     1000,
"fz":     -400,
"origX":        0,
"origY":        0,
"origZ":        0,
"seedArr": "notSeed",
"colorb": "#FEEEAA",
"colorw": "#FEEEAA" 
},
{
 "id": "Bin.6.30",
"label": "Bin.6.30",
"size":       24,
"opacity":     0.51,
"fx": 90.90909,
"fy":     1000,
"fz":     -400,
"origX":        0,
"origY":        0,
"origZ":        0,
"seedArr": "notSeed",
"colorb": "#FEEEA9",
"colorw": "#FEEEA9" 
},
{
 "id": "Bin.4.38",
"label": "Bin.4.38",
"size":       24,
"opacity":     0.51,
"fx": 90.90909,
"fy":     1000,
"fz":     -400,
"origX":        0,
"origY":        0,
"origZ":        0,
"seedArr": "notSeed",
"colorb": "#FEEEA9",
"colorw": "#FEEEA9" 
},
{
 "id": "Bin.4.34",
"label": "Bin.4.34",
"size":       24,
"opacity":     0.52,
"fx": 90.90909,
"fy":     1000,
"fz":     -400,
"origX":        0,
"origY":        0,
"origZ":        0,
"seedArr": "notSeed",
"colorb": "#FEEEA8",
"colorw": "#FEEEA8" 
},
{
 "id": "Bin.4.30",
"label": "Bin.4.30",
"size":       24,
"opacity":     0.52,
"fx": 90.90909,
"fy":     1000,
"fz":     -400,
"origX":        0,
"origY":        0,
"origZ":        0,
"seedArr": "notSeed",
"colorb": "#FEEEA7",
"colorw": "#FEEEA7" 
},
{
 "id": "Bin.4.26",
"label": "Bin.4.26",
"size":       24,
"opacity":     0.52,
"fx": 90.90909,
"fy":     1000,
"fz":     -400,
"origX":        0,
"origY":        0,
"origZ":        0,
"seedArr": "notSeed",
"colorb": "#FEEDA7",
"colorw": "#FEEDA7" 
},
{
 "id": "Bin.4.14",
"label": "Bin.4.14",
"size":       24,
"opacity":     0.52,
"fx": 90.90909,
"fy":     1000,
"fz":     -400,
"origX":        0,
"origY":        0,
"origZ":        0,
"seedArr": "notSeed",
"colorb": "#FEEDA6",
"colorw": "#FEEDA6" 
},
{
 "id": "Bin.4.10",
"label": "Bin.4.10",
"size":       24,
"opacity":     0.53,
"fx": 90.90909,
"fy":     1000,
"fz":     -400,
"origX":        0,
"origY":        0,
"origZ":        0,
"seedArr": "notSeed",
"colorb": "#FEEDA6",
"colorw": "#FEEDA6" 
},
{
 "id": "Bin.4.06",
"label": "Bin.4.06",
"size":       24,
"opacity":     0.53,
"fx": 90.90909,
"fy":     1000,
"fz":     -400,
"origX":        0,
"origY":        0,
"origZ":        0,
"seedArr": "notSeed",
"colorb": "#FEEDA5",
"colorw": "#FEEDA5" 
},
{
 "id": "Bin.4.02",
"label": "Bin.4.02",
"size":       24,
"opacity":     0.53,
"fx": 90.90909,
"fy":     1000,
"fz":     -400,
"origX":        0,
"origY":        0,
"origZ":        0,
"seedArr": "notSeed",
"colorb": "#FEEDA4",
"colorw": "#FEEDA4" 
},
{
 "id": "Bin.4.04",
"label": "Bin.4.04",
"size":       24,
"opacity":     0.53,
"fx": 90.90909,
"fy":     1000,
"fz":     -400,
"origX":        0,
"origY":        0,
"origZ":        0,
"seedArr": "notSeed",
"colorb": "#FEEDA4",
"colorw": "#FEEDA4" 
},
{
 "id": "Bin.3.98",
"label": "Bin.3.98",
"size":       24,
"opacity":     0.54,
"fx": 90.90909,
"fy":     1000,
"fz":     -400,
"origX":        0,
"origY":        0,
"origZ":        0,
"seedArr": "notSeed",
"colorb": "#FEEDA3",
"colorw": "#FEEDA3" 
},
{
 "id": "Bin.3.94",
"label": "Bin.3.94",
"size":       24,
"opacity":     0.77,
"fx": 90.90909,
"fy":     1000,
"fz":    166.8,
"origX":        0,
"origY":        0,
"origZ":   0.2834,
"seedArr": "notSeed",
"colorb": "#F15230",
"colorw": "#F15230" 
},
{
 "id": "Bin.3.90",
"label": "Bin.3.90",
"size":       24,
"opacity":     0.54,
"fx": 90.90909,
"fy":     1000,
"fz":     -400,
"origX":        0,
"origY":        0,
"origZ":        0,
"seedArr": "notSeed",
"colorb": "#FEEDA2",
"colorw": "#FEEDA2" 
},
{
 "id": "Bin.3.86",
"label": "Bin.3.86",
"size":       24,
"opacity":     0.54,
"fx": 90.90909,
"fy":     1000,
"fz":     -400,
"origX":        0,
"origY":        0,
"origZ":        0,
"seedArr": "notSeed",
"colorb": "#FEEDA2",
"colorw": "#FEEDA2" 
},
{
 "id": "Bin.3.82",
"label": "Bin.3.82",
"size":       24,
"opacity":     0.54,
"fx": 90.90909,
"fy":     1000,
"fz":     -400,
"origX":        0,
"origY":        0,
"origZ":        0,
"seedArr": "notSeed",
"colorb": "#FEEDA1",
"colorw": "#FEEDA1" 
},
{
 "id": "Bin.3.78",
"label": "Bin.3.78",
"size":       24,
"opacity":     0.79,
"fx": 90.90909,
"fy":     1000,
"fz":    426.9,
"origX":        0,
"origY":        0,
"origZ":  0.41345,
"seedArr": "notSeed",
"colorb": "#F04326",
"colorw": "#F04326" 
},
{
 "id": "Bin.3.74",
"label": "Bin.3.74",
"size":       24,
"opacity":     0.55,
"fx": 90.90909,
"fy":     1000,
"fz":     -400,
"origX":        0,
"origY":        0,
"origZ":        0,
"seedArr": "notSeed",
"colorb": "#FEEDA0",
"colorw": "#FEEDA0" 
},
{
 "id": "Bin.3.58",
"label": "Bin.3.58",
"size":       24,
"opacity":     0.55,
"fx": 90.90909,
"fy":     1000,
"fz":     -400,
"origX":        0,
"origY":        0,
"origZ":        0,
"seedArr": "notSeed",
"colorb": "#FEEDA0",
"colorw": "#FEEDA0" 
},
{
 "id": "Bin.3.50",
"label": "Bin.3.50",
"size":       24,
"opacity":     0.55,
"fx": 90.90909,
"fy":     1000,
"fz":     -400,
"origX":        0,
"origY":        0,
"origZ":        0,
"seedArr": "notSeed",
"colorb": "#FEEC9F",
"colorw": "#FEEC9F" 
},
{
 "id": "Bin.3.46",
"label": "Bin.3.46",
"size":       24,
"opacity":     0.55,
"fx": 90.90909,
"fy":     1000,
"fz":     -400,
"origX":        0,
"origY":        0,
"origZ":        0,
"seedArr": "notSeed",
"colorb": "#FEEA9E",
"colorw": "#FEEA9E" 
},
{
 "id": "Bin.3.42",
"label": "Bin.3.42",
"size":       24,
"opacity":     0.56,
"fx": 90.90909,
"fy":     1000,
"fz":     -400,
"origX":        0,
"origY":        0,
"origZ":        0,
"seedArr": "notSeed",
"colorb": "#FEE89C",
"colorw": "#FEE89C" 
},
{
 "id": "Bin.3.38",
"label": "Bin.3.38",
"size":       24,
"opacity":     0.56,
"fx": 90.90909,
"fy":     1000,
"fz":     -400,
"origX":        0,
"origY":        0,
"origZ":        0,
"seedArr": "notSeed",
"colorb": "#FEE69B",
"colorw": "#FEE69B" 
},
{
 "id": "Bin.3.34",
"label": "Bin.3.34",
"size":       24,
"opacity":     0.56,
"fx": 90.90909,
"fy":     1000,
"fz":     -400,
"origX":        0,
"origY":        0,
"origZ":        0,
"seedArr": "notSeed",
"colorb": "#FEE49A",
"colorw": "#FEE49A" 
},
{
 "id": "Bin.3.30",
"label": "Bin.3.30",
"size":       24,
"opacity":     0.56,
"fx": 90.90909,
"fy":     1000,
"fz":     -400,
"origX":        0,
"origY":        0,
"origZ":        0,
"seedArr": "notSeed",
"colorb": "#FEE398",
"colorw": "#FEE398" 
},
{
 "id": "Bin.3.26",
"label": "Bin.3.26",
"size":       24,
"opacity":     0.57,
"fx": 90.90909,
"fy":     1000,
"fz":     -400,
"origX":        0,
"origY":        0,
"origZ":        0,
"seedArr": "notSeed",
"colorb": "#FEE197",
"colorw": "#FEE197" 
},
{
 "id": "Bin.3.18",
"label": "Bin.3.18",
"size":       24,
"opacity":     0.57,
"fx": 90.90909,
"fy":     1000,
"fz":     -400,
"origX":        0,
"origY":        0,
"origZ":        0,
"seedArr": "notSeed",
"colorb": "#FDDF96",
"colorw": "#FDDF96" 
},
{
 "id": "Bin.3.14",
"label": "Bin.3.14",
"size":       24,
"opacity":     0.57,
"fx": 90.90909,
"fy":     1000,
"fz":     -400,
"origX":        0,
"origY":        0,
"origZ":        0,
"seedArr": "notSeed",
"colorb": "#FDDD95",
"colorw": "#FDDD95" 
},
{
 "id": "Bin.3.10",
"label": "Bin.3.10",
"size":       24,
"opacity":     0.57,
"fx": 90.90909,
"fy":     1000,
"fz":     -400,
"origX":        0,
"origY":        0,
"origZ":        0,
"seedArr": "notSeed",
"colorb": "#FDDC93",
"colorw": "#FDDC93" 
},
{
 "id": "Bin.3.06",
"label": "Bin.3.06",
"size":       24,
"opacity":     0.58,
"fx": 90.90909,
"fy":     1000,
"fz":     -400,
"origX":        0,
"origY":        0,
"origZ":        0,
"seedArr": "notSeed",
"colorb": "#FDDA92",
"colorw": "#FDDA92" 
},
{
 "id": "Bin.3.02",
"label": "Bin.3.02",
"size":       24,
"opacity":     0.58,
"fx": 90.90909,
"fy":     1000,
"fz":     -400,
"origX":        0,
"origY":        0,
"origZ":        0,
"seedArr": "notSeed",
"colorb": "#FDD891",
"colorw": "#FDD891" 
},
{
 "id": "Bin.3.04",
"label": "Bin.3.04",
"size":       24,
"opacity":     0.58,
"fx": 90.90909,
"fy":     1000,
"fz":     -400,
"origX":        0,
"origY":        0,
"origZ":        0,
"seedArr": "notSeed",
"colorb": "#FDD68F",
"colorw": "#FDD68F" 
},
{
 "id": "Bin.2.98",
"label": "Bin.2.98",
"size":       24,
"opacity":     0.58,
"fx": 90.90909,
"fy":     1000,
"fz":     -400,
"origX":        0,
"origY":        0,
"origZ":        0,
"seedArr": "notSeed",
"colorb": "#FCD48E",
"colorw": "#FCD48E" 
},
{
 "id": "Bin.2.94",
"label": "Bin.2.94",
"size":       24,
"opacity":     0.59,
"fx": 90.90909,
"fy":     1000,
"fz":     -400,
"origX":        0,
"origY":        0,
"origZ":        0,
"seedArr": "notSeed",
"colorb": "#FCD38D",
"colorw": "#FCD38D" 
},
{
 "id": "Bin.2.90",
"label": "Bin.2.90",
"size":       24,
"opacity":     0.59,
"fx": 90.90909,
"fy":     1000,
"fz":     -400,
"origX":        0,
"origY":        0,
"origZ":        0,
"seedArr": "notSeed",
"colorb": "#FCD18C",
"colorw": "#FCD18C" 
},
{
 "id": "Bin.2.86",
"label": "Bin.2.86",
"size":       24,
"opacity":     0.59,
"fx": 90.90909,
"fy":     1000,
"fz":     -400,
"origX":        0,
"origY":        0,
"origZ":        0,
"seedArr": "notSeed",
"colorb": "#FCCF8A",
"colorw": "#FCCF8A" 
},
{
 "id": "Bin.2.82",
"label": "Bin.2.82",
"size":       24,
"opacity":     0.59,
"fx": 90.90909,
"fy":     1000,
"fz":     -400,
"origX":        0,
"origY":        0,
"origZ":        0,
"seedArr": "notSeed",
"colorb": "#FCCD89",
"colorw": "#FCCD89" 
},
{
 "id": "Bin.2.78",
"label": "Bin.2.78",
"size":       24,
"opacity":      0.6,
"fx": 90.90909,
"fy":     1000,
"fz":     -400,
"origX":        0,
"origY":        0,
"origZ":        0,
"seedArr": "notSeed",
"colorb": "#FCCB88",
"colorw": "#FCCB88" 
},
{
 "id": "Bin.2.74",
"label": "Bin.2.74",
"size":       24,
"opacity":      0.6,
"fx": 90.90909,
"fy":     1000,
"fz":     -400,
"origX":        0,
"origY":        0,
"origZ":        0,
"seedArr": "notSeed",
"colorb": "#FCCA86",
"colorw": "#FCCA86" 
},
{
 "id": "Bin.2.66",
"label": "Bin.2.66",
"size":       24,
"opacity":      0.6,
"fx": 90.90909,
"fy":     1000,
"fz":     -400,
"origX":        0,
"origY":        0,
"origZ":        0,
"seedArr": "notSeed",
"colorb": "#FBC885",
"colorw": "#FBC885" 
},
{
 "id": "Bin.2.62",
"label": "Bin.2.62",
"size":       24,
"opacity":      0.6,
"fx": 90.90909,
"fy":     1000,
"fz":     -400,
"origX":        0,
"origY":        0,
"origZ":        0,
"seedArr": "notSeed",
"colorb": "#FBC684",
"colorw": "#FBC684" 
},
{
 "id": "Bin.2.50",
"label": "Bin.2.50",
"size":       24,
"opacity":     0.61,
"fx": 90.90909,
"fy":     1000,
"fz":     -400,
"origX":        0,
"origY":        0,
"origZ":        0,
"seedArr": "notSeed",
"colorb": "#FBC483",
"colorw": "#FBC483" 
},
{
 "id": "Bin.2.46",
"label": "Bin.2.46",
"size":       24,
"opacity":     0.61,
"fx": 90.90909,
"fy":     1000,
"fz":     -400,
"origX":        0,
"origY":        0,
"origZ":        0,
"seedArr": "notSeed",
"colorb": "#FBC281",
"colorw": "#FBC281" 
},
{
 "id": "Bin.2.42",
"label": "Bin.2.42",
"size":       24,
"opacity":     0.61,
"fx": 90.90909,
"fy":     1000,
"fz":     -400,
"origX":        0,
"origY":        0,
"origZ":        0,
"seedArr": "notSeed",
"colorb": "#FBC180",
"colorw": "#FBC180" 
},
{
 "id": "Bin.2.38",
"label": "Bin.2.38",
"size":       24,
"opacity":     0.61,
"fx": 90.90909,
"fy":     1000,
"fz":     -400,
"origX":        0,
"origY":        0,
"origZ":        0,
"seedArr": "notSeed",
"colorb": "#FBBF7F",
"colorw": "#FBBF7F" 
},
{
 "id": "Bin.2.34",
"label": "Bin.2.34",
"size":       24,
"opacity":     0.62,
"fx": 90.90909,
"fy":     1000,
"fz":     -400,
"origX":        0,
"origY":        0,
"origZ":        0,
"seedArr": "notSeed",
"colorb": "#FBBD7D",
"colorw": "#FBBD7D" 
},
{
 "id": "Bin.2.30",
"label": "Bin.2.30",
"size":       24,
"opacity":     0.62,
"fx": 90.90909,
"fy":     1000,
"fz":     -400,
"origX":        0,
"origY":        0,
"origZ":        0,
"seedArr": "notSeed",
"colorb": "#FABB7C",
"colorw": "#FABB7C" 
},
{
 "id": "Bin.2.22",
"label": "Bin.2.22",
"size":       24,
"opacity":     0.62,
"fx": 90.90909,
"fy":     1000,
"fz":     -400,
"origX":        0,
"origY":        0,
"origZ":        0,
"seedArr": "notSeed",
"colorb": "#FABA7B",
"colorw": "#FABA7B" 
},
{
 "id": "Bin.2.18",
"label": "Bin.2.18",
"size":       24,
"opacity":     0.62,
"fx": 90.90909,
"fy":     1000,
"fz":     -400,
"origX":        0,
"origY":        0,
"origZ":        0,
"seedArr": "notSeed",
"colorb": "#FAB87A",
"colorw": "#FAB87A" 
},
{
 "id": "Bin.2.14",
"label": "Bin.2.14",
"size":       24,
"opacity":     0.63,
"fx": 90.90909,
"fy":     1000,
"fz":     -400,
"origX":        0,
"origY":        0,
"origZ":        0,
"seedArr": "notSeed",
"colorb": "#FAB678",
"colorw": "#FAB678" 
},
{
 "id": "Bin.2.10",
"label": "Bin.2.10",
"size":       24,
"opacity":     0.63,
"fx": 90.90909,
"fy":     1000,
"fz":     -400,
"origX":        0,
"origY":        0,
"origZ":        0,
"seedArr": "notSeed",
"colorb": "#FAB477",
"colorw": "#FAB477" 
},
{
 "id": "Bin.2.06",
"label": "Bin.2.06",
"size":       24,
"opacity":     0.63,
"fx": 90.90909,
"fy":     1000,
"fz":     -400,
"origX":        0,
"origY":        0,
"origZ":        0,
"seedArr": "notSeed",
"colorb": "#FAB276",
"colorw": "#FAB276" 
},
{
 "id": "Bin.2.02",
"label": "Bin.2.02",
"size":       24,
"opacity":     0.63,
"fx": 90.90909,
"fy":     1000,
"fz":     -400,
"origX":        0,
"origY":        0,
"origZ":        0,
"seedArr": "notSeed",
"colorb": "#F9B174",
"colorw": "#F9B174" 
},
{
 "id": "Bin.1.98",
"label": "Bin.1.98",
"size":       24,
"opacity":     0.64,
"fx": 90.90909,
"fy":     1000,
"fz":     -400,
"origX":        0,
"origY":        0,
"origZ":        0,
"seedArr": "notSeed",
"colorb": "#F9AF73",
"colorw": "#F9AF73" 
},
{
 "id": "Bin.1.94",
"label": "Bin.1.94",
"size":       24,
"opacity":     0.64,
"fx": 90.90909,
"fy":     1000,
"fz":     -400,
"origX":        0,
"origY":        0,
"origZ":        0,
"seedArr": "notSeed",
"colorb": "#F9AD72",
"colorw": "#F9AD72" 
},
{
 "id": "Bin.1.90",
"label": "Bin.1.90",
"size":       24,
"opacity":     0.64,
"fx": 90.90909,
"fy":     1000,
"fz":     -400,
"origX":        0,
"origY":        0,
"origZ":        0,
"seedArr": "notSeed",
"colorb": "#F9AB71",
"colorw": "#F9AB71" 
},
{
 "id": "Bin.1.86",
"label": "Bin.1.86",
"size":       24,
"opacity":     0.64,
"fx": 90.90909,
"fy":     1000,
"fz":     -400,
"origX":        0,
"origY":        0,
"origZ":        0,
"seedArr": "notSeed",
"colorb": "#F9A96F",
"colorw": "#F9A96F" 
},
{
 "id": "Bin.1.82",
"label": "Bin.1.82",
"size":       24,
"opacity":     0.65,
"fx": 90.90909,
"fy":     1000,
"fz":     -400,
"origX":        0,
"origY":        0,
"origZ":        0,
"seedArr": "notSeed",
"colorb": "#F9A86E",
"colorw": "#F9A86E" 
},
{
 "id": "Bin.1.78",
"label": "Bin.1.78",
"size":       24,
"opacity":     0.65,
"fx": 90.90909,
"fy":     1000,
"fz":     -400,
"origX":        0,
"origY":        0,
"origZ":        0,
"seedArr": "notSeed",
"colorb": "#F9A66D",
"colorw": "#F9A66D" 
},
{
 "id": "Bin.1.74",
"label": "Bin.1.74",
"size":       24,
"opacity":     0.65,
"fx": 90.90909,
"fy":     1000,
"fz":     -400,
"origX":        0,
"origY":        0,
"origZ":        0,
"seedArr": "notSeed",
"colorb": "#F8A46B",
"colorw": "#F8A46B" 
},
{
 "id": "Bin.1.70",
"label": "Bin.1.70",
"size":       24,
"opacity":     0.65,
"fx": 90.90909,
"fy":     1000,
"fz":     -400,
"origX":        0,
"origY":        0,
"origZ":        0,
"seedArr": "notSeed",
"colorb": "#F8A26A",
"colorw": "#F8A26A" 
},
{
 "id": "Bin.1.66",
"label": "Bin.1.66",
"size":       24,
"opacity":     0.66,
"fx": 90.90909,
"fy":     1000,
"fz":     -400,
"origX":        0,
"origY":        0,
"origZ":        0,
"seedArr": "notSeed",
"colorb": "#F8A069",
"colorw": "#F8A069" 
},
{
 "id": "Bin.1.62",
"label": "Bin.1.62",
"size":       24,
"opacity":     0.66,
"fx": 90.90909,
"fy":     1000,
"fz":     -400,
"origX":        0,
"origY":        0,
"origZ":        0,
"seedArr": "notSeed",
"colorb": "#F89F68",
"colorw": "#F89F68" 
},
{
 "id": "Bin.1.58",
"label": "Bin.1.58",
"size":       24,
"opacity":     0.66,
"fx": 90.90909,
"fy":     1000,
"fz":     -400,
"origX":        0,
"origY":        0,
"origZ":        0,
"seedArr": "notSeed",
"colorb": "#F89D66",
"colorw": "#F89D66" 
},
{
 "id": "Bin.1.54",
"label": "Bin.1.54",
"size":       24,
"opacity":     0.66,
"fx": 90.90909,
"fy":     1000,
"fz":     -400,
"origX":        0,
"origY":        0,
"origZ":        0,
"seedArr": "notSeed",
"colorb": "#F89B65",
"colorw": "#F89B65" 
},
{
 "id": "Bin.1.50",
"label": "Bin.1.50",
"size":       24,
"opacity":     0.76,
"fx": 90.90909,
"fy":     1000,
"fz":   101.86,
"origX":        0,
"origY":        0,
"origZ":  0.25093,
"seedArr": "notSeed",
"colorb": "#F25432",
"colorw": "#F25432" 
},
{
 "id": "Bin.1.46",
"label": "Bin.1.46",
"size":       24,
"opacity":     0.67,
"fx": 90.90909,
"fy":     1000,
"fz":     -400,
"origX":        0,
"origY":        0,
"origZ":        0,
"seedArr": "notSeed",
"colorb": "#F79964",
"colorw": "#F79964" 
},
{
 "id": "Bin.1.42",
"label": "Bin.1.42",
"size":       24,
"opacity":     0.67,
"fx": 90.90909,
"fy":     1000,
"fz":     -400,
"origX":        0,
"origY":        0,
"origZ":        0,
"seedArr": "notSeed",
"colorb": "#F79862",
"colorw": "#F79862" 
},
{
 "id": "Bin.1.38",
"label": "Bin.1.38",
"size":       24,
"opacity":     0.67,
"fx": 90.90909,
"fy":     1000,
"fz":     -400,
"origX":        0,
"origY":        0,
"origZ":        0,
"seedArr": "notSeed",
"colorb": "#F79661",
"colorw": "#F79661" 
},
{
 "id": "Bin.1.30",
"label": "Bin.1.30",
"size":       24,
"opacity":     0.67,
"fx": 90.90909,
"fy":     1000,
"fz":     -400,
"origX":        0,
"origY":        0,
"origZ":        0,
"seedArr": "notSeed",
"colorb": "#F79460",
"colorw": "#F79460" 
},
{
 "id": "Bin.1.26",
"label": "Bin.1.26",
"size":       24,
"opacity":      0.8,
"fx": 90.90909,
"fy":     1000,
"fz":   976.74,
"origX":        0,
"origY":        0,
"origZ":  0.68837,
"seedArr": "notSeed",
"colorb": "#F03B20",
"colorw": "#F03B20" 
},
{
 "id": "Bin.1.22",
"label": "Bin.1.22",
"size":       24,
"opacity":     0.68,
"fx": 90.90909,
"fy":     1000,
"fz":     -400,
"origX":        0,
"origY":        0,
"origZ":        0,
"seedArr": "notSeed",
"colorb": "#F7925F",
"colorw": "#F7925F" 
},
{
 "id": "Bin.1.18",
"label": "Bin.1.18",
"size":       24,
"opacity":     0.68,
"fx": 90.90909,
"fy":     1000,
"fz":     -400,
"origX":        0,
"origY":        0,
"origZ":        0,
"seedArr": "notSeed",
"colorb": "#F7905D",
"colorw": "#F7905D" 
},
{
 "id": "Bin.1.14",
"label": "Bin.1.14",
"size":       24,
"opacity":     0.68,
"fx": 90.90909,
"fy":     1000,
"fz":     -400,
"origX":        0,
"origY":        0,
"origZ":        0,
"seedArr": "notSeed",
"colorb": "#F78F5C",
"colorw": "#F78F5C" 
},
{
 "id": "Bin.1.10",
"label": "Bin.1.10",
"size":       24,
"opacity":     0.68,
"fx": 90.90909,
"fy":     1000,
"fz":     -400,
"origX":        0,
"origY":        0,
"origZ":        0,
"seedArr": "notSeed",
"colorb": "#F68D5B",
"colorw": "#F68D5B" 
},
{
 "id": "Bin.1.06",
"label": "Bin.1.06",
"size":       24,
"opacity":     0.69,
"fx": 90.90909,
"fy":     1000,
"fz":     -400,
"origX":        0,
"origY":        0,
"origZ":        0,
"seedArr": "notSeed",
"colorb": "#F68B59",
"colorw": "#F68B59" 
},
{
 "id": "Bin.1.02",
"label": "Bin.1.02",
"size":       24,
"opacity":     0.69,
"fx": 90.90909,
"fy":     1000,
"fz":     -400,
"origX":        0,
"origY":        0,
"origZ":        0,
"seedArr": "notSeed",
"colorb": "#F68958",
"colorw": "#F68958" 
},
{
 "id": "Bin.0.98",
"label": "Bin.0.98",
"size":       24,
"opacity":     0.69,
"fx": 90.90909,
"fy":     1000,
"fz":     -400,
"origX":        0,
"origY":        0,
"origZ":        0,
"seedArr": "notSeed",
"colorb": "#F68757",
"colorw": "#F68757" 
},
{
 "id": "Bin.0.90",
"label": "Bin.0.90",
"size":       24,
"opacity":     0.69,
"fx": 90.90909,
"fy":     1000,
"fz":     -400,
"origX":        0,
"origY":        0,
"origZ":        0,
"seedArr": "notSeed",
"colorb": "#F68656",
"colorw": "#F68656" 
},
{
 "id": "Bin.0.86",
"label": "Bin.0.86",
"size":       24,
"opacity":      0.7,
"fx": 90.90909,
"fy":     1000,
"fz":     -400,
"origX":        0,
"origY":        0,
"origZ":        0,
"seedArr": "notSeed",
"colorb": "#F68454",
"colorw": "#F68454" 
},
{
 "id": "Bin.0.74",
"label": "Bin.0.74",
"size":       24,
"opacity":      0.7,
"fx": 90.90909,
"fy":     1000,
"fz":     -400,
"origX":        0,
"origY":        0,
"origZ":        0,
"seedArr": "notSeed",
"colorb": "#F68253",
"colorw": "#F68253" 
},
{
 "id": "Bin.0.70",
"label": "Bin.0.70",
"size":       24,
"opacity":      0.7,
"fx": 90.90909,
"fy":     1000,
"fz":     -400,
"origX":        0,
"origY":        0,
"origZ":        0,
"seedArr": "notSeed",
"colorb": "#F58052",
"colorw": "#F58052" 
},
{
 "id": "Bin.0.66",
"label": "Bin.0.66",
"size":       24,
"opacity":      0.7,
"fx": 90.90909,
"fy":     1000,
"fz":     -400,
"origX":        0,
"origY":        0,
"origZ":        0,
"seedArr": "notSeed",
"colorb": "#F57E50",
"colorw": "#F57E50" 
},
{
 "id": "Bin.0.58",
"label": "Bin.0.58",
"size":       24,
"opacity":     0.71,
"fx": 90.90909,
"fy":     1000,
"fz":     -400,
"origX":        0,
"origY":        0,
"origZ":        0,
"seedArr": "notSeed",
"colorb": "#F57D4F",
"colorw": "#F57D4F" 
},
{
 "id": "Bin.0.54",
"label": "Bin.0.54",
"size":       24,
"opacity":     0.71,
"fx": 90.90909,
"fy":     1000,
"fz":     -400,
"origX":        0,
"origY":        0,
"origZ":        0,
"seedArr": "notSeed",
"colorb": "#F57B4E",
"colorw": "#F57B4E" 
},
{
 "id": "Bin.0.46",
"label": "Bin.0.46",
"size":       24,
"opacity":     0.71,
"fx": 90.90909,
"fy":     1000,
"fz":     -400,
"origX":        0,
"origY":        0,
"origZ":        0,
"seedArr": "notSeed",
"colorb": "#F5794D",
"colorw": "#F5794D" 
},
{
 "id": "Bin.0.42",
"label": "Bin.0.42",
"size":       24,
"opacity":     0.71,
"fx": 90.90909,
"fy":     1000,
"fz":     -400,
"origX":        0,
"origY":        0,
"origZ":        0,
"seedArr": "notSeed",
"colorb": "#F5774B",
"colorw": "#F5774B" 
},
{
 "id": "Bin.0.38",
"label": "Bin.0.38",
"size":       24,
"opacity":     0.72,
"fx": 90.90909,
"fy":     1000,
"fz":     -400,
"origX":        0,
"origY":        0,
"origZ":        0,
"seedArr": "notSeed",
"colorb": "#F4764A",
"colorw": "#F4764A" 
},
{
 "id": "Bin.0.34",
"label": "Bin.0.34",
"size":       24,
"opacity":     0.72,
"fx": 90.90909,
"fy":     1000,
"fz":     -400,
"origX":        0,
"origY":        0,
"origZ":        0,
"seedArr": "notSeed",
"colorb": "#F47449",
"colorw": "#F47449" 
},
{
 "id": "Bin.0.30",
"label": "Bin.0.30",
"size":       24,
"opacity":     0.72,
"fx": 90.90909,
"fy":     1000,
"fz":     -400,
"origX":        0,
"origY":        0,
"origZ":        0,
"seedArr": "notSeed",
"colorb": "#F47247",
"colorw": "#F47247" 
},
{
 "id": "Bin.0.26",
"label": "Bin.0.26",
"size":       24,
"opacity":     0.72,
"fx": 90.90909,
"fy":     1000,
"fz":     -400,
"origX":        0,
"origY":        0,
"origZ":        0,
"seedArr": "notSeed",
"colorb": "#F47046",
"colorw": "#F47046" 
},
{
 "id": "Bin.0.22",
"label": "Bin.0.22",
"size":       24,
"opacity":     0.73,
"fx": 90.90909,
"fy":     1000,
"fz":     -400,
"origX":        0,
"origY":        0,
"origZ":        0,
"seedArr": "notSeed",
"colorb": "#F46E45",
"colorw": "#F46E45" 
} 
],
"misc": "",
"ticks": {
 "x": [       -6,       -5,       -4,       -3,       -2,       -1,        0,        1,        2,        3,        4 ],
"y": [       -7,       -6,       -5,       -4,       -3,       -2,       -1,        0,        1,        2,        3,        4,        5 ],
"z": [       -4,       -3,       -2,       -1,        0,        1,        2,        3,        4,        5 ] 
},
"ticksLoading": {
 "x": [     -0.6,     -0.5,     -0.4,     -0.3,     -0.2,     -0.1,        0,      0.1,      0.2,      0.3,      0.4,      0.5 ],
"y": [    -0.65,     -0.6,    -0.55,     -0.5,    -0.45,     -0.4,    -0.35,     -0.3,    -0.25,     -0.2,    -0.15,     -0.1,    -0.05,        0 ],
"z": [     -0.3,     -0.2,     -0.1,        0,      0.1,      0.2,      0.3,      0.4,      0.5,      0.6,      0.7 ] 
},
"axis": [ "Component1 (21.1%)", "Component2 (9.8%)", "Component3 (8.3%)" ],
"axisLoading": [ "Loading 1", "Loading 2", "Loading 3" ],
"metaCol": {
 "label": [ "control", "patient" ],
"color": [ "#E6194B", "#3CB44B" ],
"type": null 
} 
}